E06000001,0.5685153559340685,1.6279741869310345,,1335,240,130,70,20,15,5
E06000002,0.7441624334924135,1.7076891486740622,,1640,360,190,120,35,20,20
E06000003,0.6472767640135572,1.5779212789797663,,1825,365,185,85,35,15,10
E06000004,0.37457195266440013,1.8043952472565232,,3185,505,270,170,65,30,20
E06000005,0.5739628329734145,1.744572801336855,,1885,360,200,110,25,25,20
E06000006,0.8473451214736873,1.669663014532727,,1820,420,240,135,60,20,20
E06000007,0.3531752338541413,1.8080907046616592,,4715,785,380,225,80,45,40
E06000008,0.6978281173660347,1.6643210786875897,,2665,550,300,165,55,35,20
E06000009,0.853239294390216,1.458122532353347,,2190,505,280,115,40,20,10
E06000010,1.0100950508521869,1.59166860834881,,3225,870,495,270,90,60,35
E06000011,0.5529292325250706,1.4527568576100278,,9280,1680,695,340,100,50,20
E06000012,0.7015143186810643,1.5760200942056684,,2795,595,290,155,45,25,20
E06000013,0.5654867806972262,1.61433931628338,,3445,640,320,170,55,25,20
E06000014,0.6598764927269641,1.5981816792239047,,4175,870,420,210,70,40,30
E06000015,0.513934333294828,1.7444785099364617,,4210,750,405,250,65,45,35
E06000016,0.7280089281892306,1.6175373524215466,,5915,1305,640,350,125,50,55
E06000017,0.39685045891129594,1.6453631535187214,,1335,205,105,70,10,10,5
E06000018,0.7642697315047974,1.7569920972006783,,4640,980,585,375,115,75,55
E06000019,0.4455938827619553,1.516169064001652,,7225,1230,485,245,80,40,20
E06000020,0.568385023688451,1.7606649095257605,,3015,600,285,175,60,40,30
E06000021,0.9507695810184731,1.50470261354734,,3375,895,450,240,75,35,30
E06000022,0.447981476298911,1.6490326814739091,,5430,970,430,235,55,40,40
E06000023,0.5206621987939594,1.6661241164307403,,10260,1805,955,550,150,90,60
E06000024,0.4277502404091628,1.5833136805550205,,5570,915,420,235,50,30,25
E06000025,0.3469404513358993,1.6922440139148323,,6395,1005,490,280,75,35,40
E06000026,0.8462556367098832,1.5426573036422084,,3390,850,370,235,60,35,30
E06000027,0.6764224995963849,1.5378119551011735,,2610,550,235,135,45,25,10
E06000028,0.44679843633543426,1.6811232212990765,,4095,700,350,190,55,35,25
E06000029,0.4860711760121908,1.6671088456219911,,3940,720,335,175,55,40,25
E06000030,0.12018407694478887,2.04449193245843,,4215,620,310,190,85,60,45
E06000031,0.5527007054350132,1.7907174939772768,,3560,700,350,200,80,35,45
E06000039,0.11722180978297392,2.187121859858133,,2990,435,245,160,70,45,50
E06000040,0.06070843084056909,1.833508892715016,,6285,845,375,220,70,50,35
E06000041,0.020948990214909376,1.802753419011711,,5600,725,325,165,60,25,35
E06000042,0.11334492098099454,1.9569857191110502,,7070,1025,480,300,120,80,60
E06000043,0.4035683369018874,1.5297905134700112,,8515,1330,605,300,80,35,25
E06000032,0.2969011647971977,1.8960225033495224,,3435,565,305,145,50,35,45
E06000033,0.33395759040359096,1.6440241401581026,,4330,680,310,150,55,25,20
E06000034,0.31777116916182097,1.7084711468997509,,3215,515,240,110,40,35,15
E06000035,0.43226615820808023,1.6197916135233748,,4900,815,400,190,60,40,20
E06000036,-0.20353529776025,2.092973482441924,,3215,405,180,105,35,30,35
E06000037,0.23033924207813114,1.7999648261660448,,6050,870,465,250,90,40,40
E06000044,0.6032528741749209,1.595266924189292,,3355,655,320,160,50,30,20
E06000045,0.5895214401850039,1.6409675576706293,,3745,765,340,180,55,40,30
E06000046,0.8512750782488836,1.3665264425446264,,2980,695,315,170,35,15,10
E06000047,0.6281377974412007,1.5623750220837924,,8385,1705,720,425,145,65,40
E06000049,0.3818853881632815,1.6180994261843336,,12730,2035,950,500,135,70,60
E06000050,0.4347532133163094,1.641609471662828,,8750,1545,650,355,125,70,45
E06000051,0.4796105172299792,1.468330683870202,,10905,1895,750,330,90,75,25
E06000052,0.6945146462522599,1.4065118402908758,,15450,3085,1425,670,165,80,40
E06000053,0.9265407753849056,0.9393795145704122,,145,35,5,5,0,0,0
E06000054,0.34272115964049576,1.6204606142833862,,15285,2385,1100,515,180,85,65
E06000055,0.33849043249234684,1.704696433146441,,4200,685,305,165,60,30,25
E06000056,0.23097236058228218,1.6593720521461837,,8210,1190,510,280,75,45,35
E06000057,0.6687072383281666,1.389245233192993,,7390,1450,660,270,65,40,20
E07000004,0.19730565454295715,1.5925702150661107,,6710,895,400,170,65,30,15
E07000005,-0.07708512583214686,1.7154023167805164,,4490,525,190,105,40,15,15
E07000006,0.15768555854097674,1.764125630843569,,3605,505,240,115,40,35,15
E07000007,0.13928044028685985,1.828556223271856,,6550,900,455,245,85,60,35
E07000088,0.486621461510122,1.5697626099038426,,1255,200,115,55,15,5,5
E07000089,-0.0362262376114095,1.7968409706622093,,3575,425,220,90,25,20,20
E07000090,0.33778867854883804,1.693610792872902,,2635,430,190,100,35,20,15
E07000091,0.4942253508303605,1.5777132239037275,,5405,950,435,220,70,50,15
E07000092,0.44426508982626584,1.8745454508942727,,2000,365,180,120,30,30,25
E07000093,0.5275022517276239,1.556252227500864,,3815,715,300,145,55,30,15
E07000094,0.6007019544682636,1.5694372968551678,,4720,845,515,210,60,35,25
E07000095,0.17991541430101135,1.7908778789875728,,2550,385,160,90,30,25,15
E07000096,0.1367606085903909,1.7157274448836102,,5200,715,315,155,50,30,25
E07000098,0.043427634553161246,1.8605182887454297,,4170,560,260,130,55,35,25
E07000099,0.48907455242851255,1.5331131966071518,,4315,710,355,175,50,25,10
E07000102,-0.04572303521301334,1.7950817308408729,,3395,415,165,105,35,15,15
E06000038,0.33239622649883355,1.8573619999760154,,4105,655,340,220,70,45,35
E07000008,0.4275370308547393,1.8611502471563306,,3065,560,280,145,50,60,30
E07000009,0.424043934773332,1.5553212508232106,,2845,440,210,125,30,15,5
E07000010,0.4651755445047346,1.5529396054849074,,2385,415,170,90,30,20,5
E07000011,0.40644904175222596,1.655927325383215,,5155,875,395,195,80,40,25
E07000012,0.30513986153026856,1.7674037401922762,,5330,805,450,210,85,40,35
E07000026,0.5014520529302777,1.4939670452637546,,3095,545,220,120,30,15,10
E07000027,0.4397332318193223,1.653480996939103,,1250,205,100,65,15,10,5
E07000028,0.4793490724522851,1.732276849147258,,2900,525,265,135,55,25,25
E07000029,0.16471248284652895,1.6117920904121583,,1780,225,115,40,20,5,5
E07000030,0.46088293288420745,1.4240073905260024,,2725,425,200,75,20,10,5
E07000031,0.5841299741917557,1.5207800707296348,,4435,795,390,225,45,35,10
E07000032,0.3972134293625209,1.7631316348163963,,2945,505,220,150,55,35,15
E07000033,0.5464551073328895,1.771232743818956,,1240,255,105,75,20,15,15
E07000034,0.8667681190761021,1.6340715690986933,,1850,455,215,150,50,30,15
E07000035,0.3910694971736832,1.5354748740372524,,3350,560,205,115,25,15,15
E07000036,0.7207513080751212,1.5688918306740411,,2255,445,265,130,45,20,10
E07000037,0.4565897124674525,1.5225536256317505,,2665,445,190,95,35,15,5
E07000038,0.5526806335358396,1.502843794909504,,2260,400,195,85,30,15,5
E07000039,0.3130642222078402,1.6324533571371649,,2430,355,175,95,25,10,10
E07000040,0.6768543203858549,1.3639061623739144,,4285,875,330,165,40,20,10
E07000041,0.9023995982121211,1.5703946352166318,,2340,595,295,175,50,35,20
E07000042,0.357962869061241,1.4412552347492098,,3350,480,200,95,20,10,5
E07000043,0.5167297194545589,1.5051026711789826,,3440,625,250,125,45,20,10
E07000044,0.5718475482916698,1.4763480197921344,,3480,630,280,150,40,15,10
E07000045,0.6299195399053018,1.4745880458877862,,3720,695,335,165,55,25,5
E07000046,0.43314404011782764,1.4099070489638001,,2610,410,145,80,25,10,0
E07000047,0.41976325214842697,1.3975976047899454,,2365,355,145,70,10,5,5
E07000048,0.4742514682159683,1.7403667173326967,,1245,220,105,75,20,10,10
E07000049,0.47148309901470736,1.5096262368816085,,3135,535,220,110,40,20,5
E07000050,0.44103633070957965,1.4547562876479974,,2490,415,150,75,25,10,5
E07000051,0.8268544542251774,1.2660651495533857,,1420,325,120,60,20,5,0
E07000052,0.6482648072718367,1.442054036186547,,3715,750,325,140,35,25,15
E07000053,0.5625420432684464,1.5122803170253374,,1215,215,110,50,15,5,5
E07000061,0.6088241175529091,1.610217602436999,,1920,370,180,110,25,20,10
E07000062,0.6469570823168691,1.5154856226969775,,1725,330,165,90,20,15,5
E07000063,0.48817052186734583,1.5254179706777362,,2835,490,215,110,30,15,10
E07000064,0.3282603832578406,1.5788118540946552,,2885,465,170,90,25,20,10
E07000065,0.31424448957436485,1.5094843865431637,,5930,840,360,180,50,20,10
E07000066,0.4585166765557432,1.6728531000519815,,4345,715,365,240,65,30,20
E07000067,0.43856606626997147,1.5673506168466182,,4515,730,345,180,55,30,10
E07000068,0.39009369785085374,1.552278086820406,,2725,420,210,90,20,15,10
E07000069,0.21151353496594513,1.6028671058767479,,2205,300,125,65,30,5,5
E07000070,0.3458534358604182,1.6335414524618965,,4925,795,345,170,55,30,25
E07000071,0.4301588253905888,1.6870611260835398,,4495,800,335,210,65,35,30
E07000072,0.3212646343523035,1.5683553792733722,,4975,775,315,135,55,20,20
E07000086,0.39472542451734655,1.675811870525529,,3300,530,280,135,45,20,20
E07000073,0.5021215195233361,1.7558085366228373,,1580,280,155,90,25,15,15
E07000074,0.5207889699848534,1.4159880628676946,,2380,400,165,90,20,5,5
E07000075,0.35807829742337444,1.5208210851607564,,2375,340,165,80,25,5,5
E07000076,0.7013269465090087,1.4495262182662043,,2850,600,250,145,30,20,10
E07000077,0.3411036372438082,1.5389439256981505,,3680,565,240,110,25,15,15
E07000078,0.43463031144996256,1.6473751532271754,,3370,550,285,150,45,25,15
E07000079,0.5162235018654898,1.444450069646152,,4205,690,340,145,35,15,10
E07000080,0.427207184565863,1.4712258889361929,,2755,445,175,90,20,15,5
E07000087,0.4283455918433234,1.648740937314073,,2855,435,255,140,35,20,10
E07000081,0.6271426692478907,1.7929119960932833,,2135,435,205,140,65,40,15
E07000082,0.45749231059726625,1.5564110289311996,,4050,655,330,155,50,25,10
E07000083,0.44287534617903174,1.6503922558423094,,2645,460,210,120,25,25,15
E07000084,-0.0025562027973298805,1.941588065291658,,5190,695,325,190,55,45,45
E07000085,0.3482643871087887,1.532720552498,,4675,675,345,125,50,20,10
E07000103,0.23711914598763853,1.8877568240805203,,2555,400,210,95,40,30,25
E07000105,0.2706243704895179,1.6215030516611433,,4030,585,260,140,35,20,15
E07000106,0.5576085459693327,1.562857242538584,,3385,660,275,145,40,25,20
E07000107,0.3491720871937611,1.8549303038291782,,2225,375,190,105,30,35,20
E07000108,0.6106125251687338,1.5272643176327105,,2135,405,185,110,25,20,5
E07000109,0.5558291683026064,1.4713089886123802,,2055,385,160,70,15,20,5
E07000110,0.4420726124269828,1.6324391589169374,,4650,815,380,155,75,35,25
E07000111,0.3402737944716889,1.5877118233370981,,4580,695,320,155,45,25,15
E07000112,0.5308185753813817,1.540102164608651,,2345,425,190,100,25,15,10
E07000113,0.5594978007275858,1.623503972432995,,2910,545,270,130,55,25,15
E07000114,0.5667188143551328,1.6145794641642854,,2240,435,200,100,30,30,10
E07000115,0.4506360898966514,1.698971161772718,,3550,610,315,165,50,30,25
E07000116,0.3751026431363156,1.5673666288317358,,4380,665,315,155,55,20,10
E07000117,0.6611347140599471,1.587730020767418,,1560,300,150,105,25,15,5
E07000118,0.4002262813078675,1.590303386560586,,2815,455,195,120,30,15,10
E07000119,0.4986449777818021,1.5922737438506824,,2150,385,175,90,30,15,10
E07000120,0.719485090882951,1.6628424113640365,,1440,310,145,100,40,15,10
E07000121,0.5832485187000153,1.6041325706894105,,2925,570,255,150,40,30,15
E07000122,0.5191800768343092,1.6478125944729671,,1825,330,160,90,30,15,10
E07000123,0.6785723082533045,1.5798680994670695,,3085,640,330,145,55,30,20
E07000124,0.35854676880207914,1.477499570936772,,2360,355,140,65,25,5,5
E07000125,0.3482233274516323,1.698213025202547,,1760,285,140,60,25,15,10
E07000126,0.43130170891975034,1.7818293798792608,,2485,450,200,125,45,30,20
E07000127,0.6573125922311481,1.5375928670117365,,2825,575,270,135,45,20,15
E07000128,0.5637781120339493,1.4179748962040364,,2820,480,230,105,25,10,5
E07000129,0.06316744327932557,1.8169835504573348,,2845,355,185,115,20,20,15
E07000130,0.5129001118655672,1.6121176279019047,,3865,695,330,185,40,35,20
E07000131,0.26051538485228215,1.6259666752640518,,3525,500,240,105,40,20,10
E07000132,0.3749453980743943,1.6197442549359562,,3005,495,230,85,40,20,15
E07000133,0.26363473337707743,1.6558184481469975,,1720,270,105,55,15,10,10
E07000134,0.42450964332340374,1.796780709051256,,2670,465,240,120,55,35,20
E07000135,0.5390270327137605,1.5468785971912107,,1165,205,110,45,10,10,5
E07000136,0.6564509872575632,1.795850921746238,,1370,275,155,90,40,20,15
E07000137,0.7688484887229461,1.3496890635729262,,3755,820,345,150,55,20,5
E07000138,0.8328940100954998,1.6663786233157776,,1410,340,180,105,25,20,20
E07000139,0.33634947762788225,1.6627411528415192,,3035,485,210,120,35,20,15
E07000140,0.5874164315737984,1.5255349348025609,,2370,445,220,95,25,20,10
E07000141,0.5604331032590488,1.4976854679567542,,3820,720,310,130,55,20,15
E07000142,0.5438240962090319,1.4574601804247598,,2495,445,190,90,25,15,5
E07000143,0.47347086916147496,1.5848505938573454,,3455,605,260,150,45,20,15
E07000144,0.5982470853622315,1.4508184085835756,,3210,590,280,120,35,15,10
E07000145,0.7643932377574428,1.5298634823408976,,1860,405,185,125,35,20,5
E07000146,0.6600365123550757,1.4490114937531935,,3610,730,320,150,40,20,15
E07000147,0.7223976323451555,1.3772900688045036,,2955,635,255,120,30,15,10
E07000148,0.8999647377862064,1.6483465196855545,,2510,610,340,200,75,40,25
E07000149,0.4328736747822902,1.4896414275874195,,3855,670,235,110,40,15,15
E07000150,0.8423703103916091,1.7009226541276345,,950,235,110,75,25,20,10
E07000151,0.22588465416360262,1.6225645471393464,,3150,415,205,105,35,15,5
E07000152,0.24770284007354396,1.6541525115692233,,2670,400,165,85,25,20,10
E07000153,0.28583599399451465,1.8081564290287802,,2280,365,165,100,35,25,15
E07000154,0.42610974517792216,1.8125673784825513,,4615,815,400,230,85,70,35
E07000155,0.1930716658674468,1.592458666104189,,3760,505,220,100,25,20,10
E07000156,0.5247190526911877,1.7151666955091938,,1965,345,190,110,35,25,10
E07000163,0.3697915890258146,1.6096400231565493,,2450,400,170,90,20,20,10
E07000164,0.5390225556161276,1.4208947252130728,,3680,650,270,120,30,15,10
E07000165,0.4699498415283749,1.5541621270584345,,6070,1085,450,200,80,40,25
E07000166,0.6314849284187518,1.2836483131128287,,1945,350,130,65,15,5,0
E07000167,0.47100107118098355,1.4939899929938139,,2550,425,185,90,25,15,5
E07000168,0.8189138004602501,1.3462916213760168,,2740,600,290,135,30,15,5
E07000169,0.376360880498708,1.5285449166417178,,2485,380,160,90,25,10,5
E07000170,0.7089131014757533,1.7492586940112531,,1685,355,210,100,45,25,20
E07000171,0.5824790378371274,1.5517107404778092,,2500,475,210,125,30,20,10
E07000172,0.42319620606210234,1.6218402790917859,,2050,355,140,95,20,15,10
E07000173,0.39986274719725273,1.6451546673013289,,2240,380,160,100,25,10,15
E07000174,0.847998207357646,1.5006430342801005,,1555,375,175,105,25,15,10
E07000175,0.6120596593470573,1.4503125018671315,,3100,590,250,125,40,20,5
E07000176,0.28058362567926476,1.630936271215826,,3305,470,240,110,25,25,10
E07000177,0.38028909876281325,1.681373646432236,,4580,730,350,215,60,35,20
E07000192,0.5957794611005083,1.4803427470704371,,2250,395,200,110,25,10,5
E07000178,0.4777860243207274,1.926898676466999,,2905,565,285,145,60,65,40
E07000179,0.29323141135693986,1.5952786905780363,,5715,865,370,165,55,25,25
E07000180,0.3929500136942904,1.7059579004005545,,3860,660,295,165,60,30,25
E07000181,0.5650358865516407,1.4516505367484775,,3875,735,290,140,25,25,15
E07000187,0.48430855691517827,1.4978349085758533,,3925,655,285,155,40,25,5
E07000188,0.5473024572593839,1.4298095712239562,,3400,595,250,125,35,15,5
E07000189,0.42887543781881615,1.595675050581075,,4995,845,355,205,60,40,15
E07000190,0.3126402434748971,1.7721252136352799,,3190,510,260,130,40,20,30
E07000191,0.5453038548784622,1.2717226908109702,,1320,210,75,40,10,0,0
E07000193,0.4204012263838617,1.6621784432277666,,3005,525,230,130,30,25,20
E07000194,0.29902104818164305,1.6706054347421453,,3245,530,195,115,40,25,15
E07000195,0.6619564823165215,1.5876408777225033,,2180,445,220,120,30,20,15
E07000196,0.45609788096357756,1.4656934857929333,,2885,505,175,85,30,10,10
E07000197,0.4483201390465882,1.5754414652447828,,3535,620,245,140,45,20,15
E07000198,0.4538046707329413,1.3336493609330857,,2965,455,165,75,10,15,0
E07000199,0.6955676710790261,1.5785828106246813,,1410,275,155,85,25,15,5
E07000200,0.4939581244380424,1.488954620793893,,2955,490,230,105,35,15,5
E07000201,0.7727982859855405,1.4346974371924992,,1555,350,155,70,30,10,5
E07000202,0.647541108030934,1.7062285878157748,,2350,495,250,135,35,35,25
E07000203,0.35203588499772165,1.5420828567411446,,3580,555,220,120,35,15,10
E07000204,0.5643190383989926,1.6193257567590895,,2975,565,255,155,50,25,15
E07000205,0.5975205564321785,1.496921070554648,,3685,705,320,150,40,25,15
E07000206,0.7059471583941799,1.4720087935455806,,2440,525,220,115,40,15,10
E07000207,-0.12785813779257862,1.842324916075031,,6025,690,305,160,60,45,20
E07000208,-0.1286354850473127,1.8572274813096579,,2355,275,135,55,15,15,15
E07000209,0.3730723284039915,1.645548494392057,,4965,790,385,180,70,35,20
E07000210,0.10821584741657517,1.7582230762186237,,3905,550,220,135,25,25,25
E07000211,0.09858996838780139,1.7422810513794689,,4705,640,270,145,45,25,25
E07000212,0.11444651373912039,2.0349199631645885,,2825,445,190,110,60,35,35
E07000213,0.09642749087933002,1.768542802527377,,3030,410,185,90,35,20,15
E07000214,-0.000518906185458972,1.9119304738500529,,3370,440,215,110,45,25,25
E07000215,0.32675310990575496,1.5187208298411838,,3440,520,215,90,20,20,10
E07000216,0.28176173968805657,1.596678994955492,,5680,845,355,170,50,40,15
E07000217,0.19360589570958212,1.813531906533092,,3250,465,230,135,45,25,20
E07000218,0.5222867081178383,1.707346902570974,,1850,345,175,90,30,20,15
E07000219,0.5690931620643467,1.5826561723435055,,2155,400,195,100,35,15,10
E07000220,0.2994858698480244,1.69261493024557,,2870,445,205,105,35,20,15
E07000221,0.3765650091692455,1.5496345925831214,,5615,870,400,185,50,25,20
E07000222,0.1792090948337789,1.8075249383596899,,4860,700,340,185,65,30,35
E07000223,0.5642664339547865,1.4952798097904283,,1500,275,125,60,15,10,5
E07000224,0.4966919290507358,1.4685364584380218,,3625,600,245,160,40,10,5
E07000225,0.42953140602352097,1.5809210063246222,,4495,765,310,185,55,20,20
E07000226,0.28927105904753664,2.1104812810314866,,1865,315,170,95,50,30,35
E07000227,0.35973534359915676,1.576199663467707,,4975,750,360,170,60,20,15
E07000228,0.3836531500064858,1.6175635800140111,,4830,775,365,175,60,30,20
E07000229,0.338837031504642,1.7793039935393018,,2390,375,200,115,35,15,20
E07000234,0.28473723282878255,1.6834995349777924,,3225,485,230,120,30,25,15
E07000235,0.35886109504295194,1.541588361819367,,3105,480,205,100,25,15,10
E07000236,0.5619957671696035,1.769747686909873,,1735,330,170,100,45,20,15
E07000237,0.4919731119018973,1.7961365361301833,,1925,355,180,110,30,25,20
E07000238,0.2811561587810819,1.6624141735618376,,4565,690,310,150,60,25,20
E07000239,0.4677551584825223,1.5793008106195496,,2445,410,205,95,30,15,10
E07000240,0.0358648964363686,1.7755317216458226,,5695,750,310,160,60,40,25
E07000241,0.07697947358727196,1.9702247994098847,,3130,470,200,120,45,30,35
E07000242,0.2724417020672274,1.6304585579052877,,5335,790,365,150,55,35,20
E07000243,0.0959908115714796,1.913796284396203,,1785,260,115,70,20,20,15
E08000001,0.5285546294466846,1.6381159308837707,,5435,990,490,265,80,40,35
E08000002,0.5381017344616651,1.527524305992242,,4085,725,345,160,55,30,10
E08000003,0.643304965719571,1.7146595223275602,,9470,1930,1050,525,190,125,95
E08000004,0.6214444929819748,1.6217292321587076,,3880,745,405,195,65,45,20
E08000005,0.6332256173429054,1.6377810729473496,,3710,735,345,230,75,35,20
E08000006,0.5476798908661703,1.7029508462120038,,4570,835,475,230,80,40,40
E08000007,0.4848731644209235,1.5797190643237762,,7470,1260,655,285,105,45,30
E08000008,0.5962997999934031,1.5951836917952356,,3745,685,360,205,60,30,15
E08000009,0.288498204902971,1.7962005243391574,,7025,1100,555,290,90,75,50
E08000010,0.5404833995875816,1.6091772233918302,,5285,985,475,245,55,45,35
E08000011,0.7401168815253016,1.7242229119160433,,1545,360,170,95,45,20,20
E08000012,0.720019625154569,1.6795020511255487,,6745,1505,715,415,165,95,60
E08000013,0.6962233824435947,1.6175455879835285,,2525,505,270,165,55,20,15
E08000014,0.6051135730836598,1.5364835808766697,,4675,850,460,215,65,35,15
E08000015,0.6491588083520248,1.5273997814643396,,5055,995,490,245,65,45,20
E08000016,0.5792032640624941,1.6265068791950454,,3695,680,355,200,60,30,20
E08000017,0.6285825752309421,1.6182388509123746,,4610,945,435,250,65,45,35
E08000018,0.6846905335484544,1.653713217750535,,3815,770,415,235,90,40,25
E08000019,0.7207829085700825,1.6252028757927512,,8990,1905,970,580,180,105,60
E08000021,0.8146195684411773,1.6844985138277322,,4285,1060,515,285,100,65,60
E08000022,0.6957535003275743,1.6143309498601202,,2755,600,275,155,55,30,20
E08000023,0.8016959079390844,1.565575980796594,,1655,385,190,95,40,20,10
E08000024,0.8618848467606911,1.5635883980272305,,3075,750,395,200,60,35,30
E08000025,0.6041738209458654,1.6457798091930544,,18075,3590,1790,870,325,190,130
E08000026,0.3551436432133997,1.773884367818613,,5540,935,435,260,65,50,50
E08000027,0.6615976347603805,1.556126819549679,,6100,1205,605,330,95,55,25
E08000028,0.8391328465541837,1.6191780698758207,,4410,1030,535,325,120,55,35
E08000029,0.04371254952285269,1.8707910653059574,,5310,700,335,195,60,40,35
E08000030,0.6307668765765191,1.6821900287475058,,4330,840,440,270,100,40,30
E08000031,0.7082880362447926,1.630594953003134,,4055,855,440,250,80,45,30
E08000032,0.5517512587887797,1.662872946939732,,9190,1760,820,480,140,90,65
E08000033,0.5538398673739253,1.6188628388234083,,5000,915,455,245,80,50,20
E08000034,0.6083354005806596,1.5886899897424116,,8765,1715,845,405,145,65,55
E08000035,0.5674452896375879,1.7140704626233625,,15405,2975,1495,810,320,170,125
E08000036,0.6375430371289763,1.648738261773572,,5430,1100,530,300,120,55,35
E08000037,0.8436536467061054,1.6610886133987464,,2855,690,340,220,80,40,30
E09000001,0.879566144649589,1.904369724446756,,8840,2055,1360,740,355,215,210
E09000002,0.2568740999207288,1.6533678796895936,,2930,405,225,80,40,15,10
E09000003,0.12509012532457267,1.536638776334988,,14195,1775,675,280,95,45,30
E09000004,0.2590970585139169,1.6653904125900845,,4850,725,305,170,50,40,15
E09000019,0.3948749091267822,1.826192829258953,,9305,1510,885,465,180,90,85
E09000005,0.11939807845259341,1.7047263627057627,,9000,1220,515,255,90,55,35
E09000006,0.13393914298489445,1.6821438242134286,,9150,1225,505,265,115,55,20
E09000007,0.40054890647486685,1.8373637843365223,,16270,2775,1490,785,320,185,160
E09000008,0.03715622980013592,1.8058341569193141,,8670,1150,490,270,85,65,45
E09000009,0.0687282972733183,1.7393553402956121,,10280,1330,610,275,100,70,40
E09000010,0.23780987101036846,1.6109982789789452,,7245,1050,435,210,65,30,30
E09000011,-0.03921593600009347,1.722226483212861,,5140,575,270,135,40,30,10
E09000012,0.3063172436167751,1.619608679413207,,8410,1255,585,280,85,50,30
E09000013,0.10442882870650987,1.8836651602274086,,8040,1105,575,285,120,65,60
E09000014,0.18561533977587316,1.4881210228918758,,7080,890,350,150,45,20,10
E09000015,-0.0010746561910154717,1.659658396206174,,8340,1000,375,195,60,40,20
E09000016,0.35719250320238227,1.5972948249797074,,5405,865,355,190,60,40,15
E09000017,-0.03650027050950802,2.038095238931585,,7220,995,460,240,120,75,75
E09000018,-0.11291870260974922,1.992044379573254,,7735,965,480,225,100,65,65
E09000020,0.414050539679677,1.653723684865169,,8110,1345,675,310,115,55,45
E09000033,0.7521226401972664,1.7102244467199053,,28035,6215,3615,1635,660,425,350
S12000005,0.7486647882818542,1.4364489683389938,,705,150,85,25,5,5,5
E09000021,0.14407107846285627,1.718513137500056,,5320,745,325,155,45,40,25
S12000006,0.8226869493337847,1.2526460071945311,,4365,1000,410,140,35,20,10
S12000008,0.6679590940780898,1.4708754537150217,,2010,410,195,80,20,15,10
S12000010,0.7822141545497789,1.3220819240144634,,1925,415,180,85,20,5,5
E09000022,-0.1233805257221206,1.9049313593458368,,8190,935,470,260,75,65,40
E09000023,-0.007625990077181607,1.6012082617585688,,5670,630,250,120,40,15,10
S12000011,0.38638508681177464,1.5079822429917311,,1730,265,125,50,10,10,5
S12000013,0.6652422088586798,1.2567679230418103,,805,135,65,30,5,0,0
S12000014,0.5514202342399098,1.6646104848339083,,2300,435,220,105,40,25,15
S12000015,0.7377915258075206,1.5039035758805661,,5670,1250,565,310,80,40,35
S12000017,0.5791769958382702,1.4409084156665248,,7520,1355,635,265,70,40,20
S12000018,0.6420433429371526,1.6703948362810601,,1040,215,115,45,25,10,10
S12000019,0.841657430010895,1.4136582661626256,,1350,305,145,90,20,5,5
S12000020,0.6580898380500282,1.4746164809699962,,2135,425,195,100,25,10,10
S12000021,0.7136858680652962,1.4695381131631176,,2010,440,185,95,25,15,10
S12000023,0.40696571149211563,1.4311799684640112,,1115,150,85,35,5,5,0
S12000024,0.7124232317056739,1.4409099007767374,,4025,835,405,170,45,30,15
S12000026,0.6868380031489089,1.3830930721680075,,3510,745,280,130,30,25,10
S12000027,0.7777730429593117,1.3135487922410582,,960,185,110,35,10,5,0
S12000028,0.7690405735264821,1.4640273386616702,,2235,520,220,95,50,15,10
S12000029,0.628910262940941,1.5350645886896024,,5475,1065,535,245,75,35,30
S12000030,0.4904237220750455,1.5644303196771678,,2650,475,205,105,35,10,15
E09000024,-0.048610041879752264,1.7718644286667051,,6600,725,370,195,75,30,15
E09000025,0.1537138477389675,1.6420462340655468,,4890,670,275,125,45,20,20
E09000026,0.030472264974321806,1.6206504331838745,,7290,835,365,170,50,25,15
E09000027,-0.059786549120500014,1.7174542512522097,,9050,1035,465,200,55,40,35
S12000033,0.3643772132443009,2.0072112231083254,,5790,880,600,350,160,85,70
S12000034,0.30868851494625765,1.5357639750182306,,10250,1465,635,325,90,40,20
S12000035,0.7184170284871622,1.2768829751758943,,2780,565,225,85,20,10,5
S12000036,0.530786432109925,1.7112931131985654,,10875,2060,1085,490,170,115,105
S12000038,0.611838640586468,1.7030368441593928,,2775,545,310,140,55,25,30
S12000039,0.743371223992949,1.5571911850897278,,1055,235,105,60,25,10,5
S12000040,0.6053428620597979,1.6736581460723492,,2660,540,255,140,45,35,20
E09000028,0.39455407074374077,1.8339110864570796,,9030,1485,830,470,170,100,80
S12000041,0.7336630486704706,1.3735017527387272,,2550,515,255,105,25,15,5
E09000029,0.16504097839372955,1.6901176408659635,,5000,680,315,155,45,30,20
W06000016,0.6496901891304984,1.5818359494987049,,3105,675,275,140,60,30,20
W06000018,0.6830550931340144,1.6064515637434749,,2290,505,225,110,45,30,15
W06000019,0.8848530054381603,1.4650309207199832,,685,180,75,40,15,5,5
W06000020,0.823989740709717,1.5072408442272722,,1225,285,155,70,10,15,10
W06000021,0.3596041243983739,1.5144986576061914,,3105,475,205,85,30,10,10
W06000022,0.6015065412515667,1.6606354946364101,,2305,455,230,120,40,20,20
W06000023,0.22823330383791077,1.4472568841166478,,6990,910,330,150,35,20,10
W06000024,0.8185460248724923,1.4888396134660307,,675,160,75,40,10,5,5
E09000030,0.18247922967947974,1.9087540295792673,,8350,1280,605,330,135,95,75
E09000031,0.21609806156937994,1.5505998748275405,,5395,715,325,120,45,25,10
E09000032,-0.19409437990935993,1.786463899534288,,11375,1155,575,250,70,50,40
S12000042,1.026083648194353,1.5343926883866401,,1755,505,245,155,40,25,20
S12000044,0.679032738376883,1.6059063025329094,,4250,910,415,225,85,50,25
S12000045,0.45732961859800064,1.4231230192988433,,1965,305,130,65,15,10,0
S12000046,0.8402216378157001,1.6616028299035996,,9845,2355,1315,635,265,140,120
W06000001,0.47578502477717505,1.38278996367017,,1845,295,110,55,20,5,0
W06000002,0.537036232701302,1.433376963822451,,3875,675,295,125,35,25,5
W06000003,0.711526447026043,1.3888076332319463,,2855,580,250,135,30,15,5
W06000004,0.7148184190919062,1.431071492748149,,2340,505,200,115,30,10,10
W06000005,0.5786417659560106,1.621887539120668,,3180,610,295,155,55,25,20
W06000006,0.6551979917124263,1.5141963571988235,,2595,525,240,125,30,25,10
W06000008,0.305221050204775,1.4345932620816124,,3190,440,180,65,20,10,5
W06000009,0.5931886521249798,1.36220640331048,,4010,730,290,125,40,15,5
W06000010,0.23503544467765386,1.5494586621979158,,5730,800,325,145,45,15,20
W06000011,0.7411785716807735,1.5422897150451373,,3790,855,380,205,75,30,25
W06000012,0.8227380078384207,1.4656645220575142,,1825,425,200,100,35,20,5
W06000013,0.8304831437338914,1.4180671599535746,,2205,510,220,145,25,20,5
W06000014,0.5987602119483476,1.405684540997103,,2615,485,210,85,25,15,5
W06000015,0.7110373001159963,1.6475410932364944,,6075,1335,670,325,130,85,50
