id,region,country,long,lat,area,nWards,name,name2,name3
E06000001,E12000001,E92000001,-1.27023005,54.67615891,93574572.7842771,11,Hartlepool,,
E06000002,E12000001,E92000001,-1.21098995,54.5446701,53865825.6981644,20,Middlesbrough,,
E06000003,E12000001,E92000001,-1.00610995,54.56752014,244778973.329539,22,Redcar and Cleveland,,
E06000004,E12000001,E92000001,-1.30668998,54.55691147,204885557.326142,26,Stockton-on-Tees,,
E06000010,E12000003,E92000001,-0.30379999,53.76979065,71438357.5737891,23,"Kingston upon Hull, City of",,
E06000011,E12000003,E92000001,-0.66202998,53.88122177,2405960144.60341,26,East Riding of Yorkshire,,
E06000032,E12000006,E92000001,-0.42319,51.89102173,43348555.3720592,19,Luton,,
E06000005,E12000001,E92000001,-1.56834996,54.5353508,197433736.66657,20,Darlington,,
E06000006,E12000002,E92000001,-2.68852997,53.33423996,79092629.3300447,21,Halton,,
E06000016,E12000004,E92000001,-1.13039994,52.63592148,73358744.4717082,21,Leicester,,
E06000007,E12000002,E92000001,-2.56167006,53.39162827,180575514.36519,22,Warrington,,
E06000008,E12000002,E92000001,-2.46359992,53.70080185,137023832.09007,23,Blackburn with Darwen,,
E06000009,E12000002,E92000001,-3.02284002,53.8216095,34868956.4113276,21,Blackpool,,
E06000012,E12000003,E92000001,-0.13926999,53.52336121,191867894.538734,15,North East Lincolnshire,,
E06000014,E12000003,E92000001,-1.07375002,53.96582031,271871865.264129,21,York,,
E06000013,E12000003,E92000001,-0.52410001,53.58644867,846114848.145081,17,North Lincolnshire,,
E06000015,E12000004,E92000001,-1.47188997,52.91463852,78003317.7433959,17,Derby,,
E06000017,E12000004,E92000001,-0.62629998,52.66764832,393647899.620937,16,Rutland,,
E06000018,E12000004,E92000001,-1.16666996,52.9541893,74583512.9683749,20,Nottingham,,
E06000019,E12000005,E92000001,-2.73931003,52.08153915,2179149788.56031,53,"Herefordshire, County of",Herefordshire,
E06000020,E12000005,E92000001,-2.48940992,52.71416855,290254049.924403,30,Telford and Wrekin,,
E06000021,E12000005,E92000001,-2.15888,53.01707077,93394140.7534432,37,Stoke-on-Trent,,
E06000022,E12000009,E92000001,-2.48654008,51.35604095,351078680.913538,37,Bath and North East Somerset,,
E06000033,E12000006,E92000001,0.70690602,51.54914093,41741843.4979697,17,Southend-on-Sea,,
E06000023,E12000009,E92000001,-2.57742,51.47114944,109694214.587909,34,"Bristol, City of",Bristol City of,
E06000027,E12000009,E92000001,-3.5552299,50.4708786,62921595.1111828,15,Torbay,,
E06000024,E12000009,E92000001,-2.75439,51.39707184,374539521.933231,35,North Somerset,,
E06000028,E12000009,E92000001,-1.85863996,50.7448616,46193384.8506611,18,Bournemouth,,
E06000025,E12000009,E92000001,-2.46921992,51.54671097,496814029.347373,35,South Gloucestershire,,
E06000039,E12000008,E92000001,-0.57617003,51.50350189,32530598.0348046,15,Slough,,
E06000026,E12000009,E92000001,-4.1129899,50.40494156,79821141.0815505,20,Plymouth,,
E06000029,E12000009,E92000001,-1.95326996,50.74077988,64729506.9855726,16,Poole,,
E06000030,E12000009,E92000001,-1.73367,51.57762909,230036162.268294,20,Swindon,,
E06000031,E12000006,E92000001,-0.26874,52.5921402,343340555.140573,22,Peterborough,,
E06000034,E12000006,E92000001,0.33490199,51.5099411,163399470.104631,20,Thurrock,,
E06000035,E12000008,E92000001,0.563173,51.44770813,193438575.342497,22,Medway,,
E06000036,E12000008,E92000001,-0.73363,51.41130066,109320058.160956,18,Bracknell Forest,,
E06000040,E12000008,E92000001,-0.67540997,51.48033905,198373765.513297,23,Windsor and Maidenhead,,
E06000037,E12000008,E92000001,-1.27364004,51.44559097,703992953.094831,30,West Berkshire,,
E06000038,E12000008,E92000001,-0.99071002,51.45301819,40374649.7967713,16,Reading,,
E06000041,E12000008,E92000001,-0.89934999,51.42295837,178931341.814559,25,Wokingham,,
E06000042,E12000008,E92000001,-0.74070001,52.07241058,308574396.028607,19,Milton Keynes,,
E06000043,E12000008,E92000001,-0.15079001,50.84648895,82795511.8321424,21,Brighton and Hove,,
E06000044,E12000008,E92000001,-1.07023001,50.80804825,40349550.9588308,14,Portsmouth,,
E06000045,E12000008,E92000001,-1.40024996,50.92037964,49906095.5199603,16,Southampton,,
E06000046,E12000008,E92000001,-1.33361995,50.67129898,380130236.525798,39,Isle of Wight,,
E06000047,E12000001,E92000001,-1.8405,54.68513107,2231029530.2578,63,County Durham,,
E06000049,E12000002,E92000001,-2.29298997,53.1679306,1166067261.67832,52,Cheshire East,,
E06000050,E12000002,E92000001,-2.70298004,53.1633606,916433284.897689,46,Cheshire West and Chester,,
E06000051,E12000005,E92000001,-2.73667002,52.6221199,3196534618.62937,63,Shropshire,,
E06000052,E12000009,E92000001,-4.64248991,50.45022964,3548664337.4067,122,Cornwall,,
E06000053,E12000009,E92000001,-6.3021698,49.92332077,16383786.8125925,5,Isles of Scilly,,
E06000054,E12000009,E92000001,-1.92660999,51.32883072,3254587806.39262,98,Wiltshire,,
E08000023,E12000001,E92000001,-1.44695997,54.96987915,64399843.6532253,18,South Tyneside,,
E06000055,E12000006,E92000001,-0.45462999,52.19628143,476260214.612623,27,Bedford,,
E07000005,E12000008,E92000001,-0.62111998,51.67890167,196329407.54027,25,Chiltern,,
E09000005,E12000007,E92000001,-0.27568001,51.56441116,43212947.7866397,21,Brent,,
E06000056,E12000006,E92000001,-0.47753999,51.99903107,715407461.154089,31,Central Bedfordshire,,
E06000057,E12000001,E92000001,-2.07521009,55.30036926,5025085392.88148,66,Northumberland,,
E07000004,E12000008,E92000001,-0.87746,51.90037918,902469373.818796,33,Aylesbury Vale,,
E07000006,E12000008,E92000001,-0.58484,51.55944061,141242724.823376,12,South Bucks,,
E07000007,E12000008,E92000001,-0.80883002,51.66619873,324548683.570591,28,Wycombe,,
E07000008,E12000006,E92000001,0.126436,52.20016861,40695350.0860078,14,Cambridge,,
E07000009,E12000006,E92000001,0.28316301,52.35787964,651156710.565967,19,East Cambridgeshire,,
E07000048,E12000009,E92000001,-1.81570005,50.76625061,50389604.5542637,11,Christchurch,,
E07000010,E12000006,E92000001,0.009016,52.53543854,546346671.758096,24,Fenland,,
E07000033,E12000004,E92000001,-1.27227998,53.23875046,160313396.127649,20,Bolsover,,
E07000011,E12000006,E92000001,-0.22466999,52.35316849,912334953.353341,29,Huntingdonshire,,
E07000061,E12000008,E92000001,0.258699,50.77413177,44143571.1213128,9,Eastbourne,,
E07000012,E12000006,E92000001,0.091017,52.1080513,901481895.918634,34,South Cambridgeshire,,
E07000026,E12000002,E92000001,-3.28096008,54.68523026,1257545203.61427,31,Allerdale,,
E07000027,E12000002,E92000001,-3.19975996,54.15737152,77945628.0903846,13,Barrow-in-Furness,,
E07000028,E12000002,E92000001,-2.80704999,54.97867966,1038924608.69879,22,Carlisle,,
E07000029,E12000002,E92000001,-3.37664008,54.46619034,737520393.76184,25,Copeland,,
E07000034,E12000004,E92000001,-1.40114999,53.25574875,66011771.9439262,19,Chesterfield,,
E07000035,E12000004,E92000001,-1.70711005,53.1232605,795239520.189928,25,Derbyshire Dales,,
E07000030,E12000002,E92000001,-2.62678003,54.63106918,2156015525.98249,30,Eden,,
E07000031,E12000002,E92000001,-2.78108001,54.29906845,1552572918.90142,45,South Lakeland,,
E07000032,E12000004,E92000001,-1.46219003,53.02883911,265347203.182493,23,Amber Valley,,
E07000036,E12000004,E92000001,-1.35090005,52.9382019,109604364.027767,19,Erewash,,
E07000037,E12000004,E92000001,-1.84397995,53.38568878,540094973.926901,28,High Peak,,
E07000041,E12000009,E92000001,-3.51372004,50.71780014,47030341.7195273,13,Exeter,,
E07000042,E12000009,E92000001,-3.59211993,50.86882019,912605624.480589,24,Mid Devon,,
E07000043,E12000009,E92000001,-3.92690992,51.07612991,1085717678.56615,27,North Devon,,
E07000044,E12000009,E92000001,-3.81994009,50.37192154,886356024.610261,20,South Hams,,
E07000038,E12000004,E92000001,-1.44253004,53.16242981,275598076.835155,25,North East Derbyshire,,
E07000062,E12000008,E92000001,0.57942897,50.8676796,29718658.1443991,16,Hastings,,
E07000039,E12000004,E92000001,-1.53494,52.82492065,338012275.18532,15,South Derbyshire,,
E09000028,E12000007,E92000001,-0.07309,51.46588898,28838393.3216761,21,Southwark,,
E07000040,E12000009,E92000001,-3.22380996,50.75764847,814294235.483116,32,East Devon,,
E07000045,E12000009,E92000001,-3.65395999,50.61019897,673749025.384178,25,Teignbridge,,
E07000046,E12000009,E92000001,-4.21730995,50.90802002,985129805.366541,23,Torridge,,
E07000047,E12000009,E92000001,-4.03356981,50.66487885,1160768406.27589,18,West Devon,,
E07000049,E12000009,E92000001,-1.97739995,50.8891716,354345690.931334,16,East Dorset,,
E07000066,E12000006,E92000001,0.47505501,51.59035873,109988131.83117,16,Basildon,,
E07000050,E12000009,E92000001,-2.26037002,50.91981888,609123786.691859,19,North Dorset,,
E07000051,E12000009,E92000001,-2.12617993,50.69445038,404285561.857267,13,Purbeck,,
E07000052,E12000009,E92000001,-2.60061002,50.79497147,1081396661.1582,24,West Dorset,,
E07000053,E12000009,E92000001,-2.45133996,50.63240051,41813987.0304847,15,Weymouth and Portland,,
E07000063,E12000008,E92000001,0.007671,50.83340836,292000345.996732,21,Lewes,,
E08000026,E12000005,E92000001,-1.51908004,52.41423035,98600184.1811966,18,Coventry,,
E07000064,E12000008,E92000001,0.543064,50.94868088,511639437.800362,20,Rother,,
E07000065,E12000008,E92000001,0.205153,50.93315887,834767684.319324,35,Wealden,,
E09000029,E12000007,E92000001,-0.17227,51.3575592,43825326.6281687,18,Sutton,,
E07000067,E12000006,E92000001,0.57591099,51.91633987,611552012.055287,26,Braintree,,
E09000030,E12000007,E92000001,-0.0364,51.51552963,19776828.0905518,20,Tower Hamlets,,
E07000068,E12000006,E92000001,0.29009101,51.64107895,153103720.709363,15,Brentwood,,
E07000069,E12000006,E92000001,0.58808398,51.56159973,45030420.4328049,14,Castle Point,,
E07000087,E12000008,E92000001,-1.23741996,50.85393143,74238992.4392501,15,Fareham,,
E07000070,E12000006,E92000001,0.49116299,51.73503113,342185247.144697,24,Chelmsford,,
E07000088,E12000008,E92000001,-1.16725004,50.80641174,25357151.2594432,17,Gosport,,
E09000031,E12000007,E92000001,-0.01881,51.59460831,38812621.9681187,20,Waltham Forest,,
E07000071,E12000006,E92000001,0.85977602,51.87701035,333050017.663114,17,Colchester,,
E07000072,E12000006,E92000001,0.154147,51.71279144,338886065.187757,32,Epping Forest,,
E07000073,E12000006,E92000001,0.103888,51.76613998,30522827.0333295,11,Harlow,,
E07000074,E12000006,E92000001,0.773857,51.77571106,358500002.913121,17,Maldon,,
E09000006,E12000007,E92000001,0.039246,51.37266922,150089111.323501,22,Bromley,,
E07000075,E12000006,E92000001,0.68347299,51.59093094,169305391.271142,13,Rochford,,
E07000076,E12000006,E92000001,1.10918295,51.85692978,337682855.577593,35,Tendring,,
E07000077,E12000006,E92000001,0.294485,51.93592072,640957269.825701,22,Uttlesford,,
E07000078,E12000009,E92000001,-2.07515001,51.89860916,46556962.5347639,20,Cheltenham,,
E07000079,E12000009,E92000001,-1.97059,51.77254868,1164263904.34397,32,Cotswold,,
E07000080,E12000009,E92000001,-2.47755003,51.81248856,526181570.519065,27,Forest of Dean,,
E07000081,E12000009,E92000001,-2.23263001,51.84640884,40537377.8711906,18,Gloucester,,
E07000082,E12000009,E92000001,-2.30819988,51.72000885,460595989.821167,27,Stroud,,
E09000007,E12000007,E92000001,-0.16289,51.5430603,21802652.7333692,18,Camden,,
E07000083,E12000009,E92000001,-2.19998002,51.93484879,414302761.080957,22,Tewkesbury,,
E09000032,E12000007,E92000001,-0.20021001,51.45238876,34256178.0513716,20,Wandsworth,,
E07000084,E12000008,E92000001,-1.22020996,51.2593689,633641668.147723,29,Basingstoke and Deane,,
E07000089,E12000008,E92000001,-0.88321,51.28197098,215208628.493701,11,Hart,,
E07000085,E12000008,E92000001,-0.93971002,51.05765152,514307835.823047,38,East Hampshire,,
E07000086,E12000008,E92000001,-1.32942998,50.94871902,79767511.0078789,19,Eastleigh,,
E07000090,E12000008,E92000001,-1.00399995,50.87229919,55324356.3043768,14,Havant,,
E07000091,E12000008,E92000001,-1.58936,50.85747147,752817882.582268,34,New Forest,,
E07000092,E12000008,E92000001,-0.76806998,51.27814865,39041545.2047763,13,Rushmoor,,
E07000103,E12000006,E92000001,-0.40428999,51.67169952,21394287.7870935,12,Watford,,
E07000093,E12000008,E92000001,-1.50214005,51.13417053,627459660.098255,24,Test Valley,,
E07000117,E12000002,E92000001,-2.23079991,53.7740593,110662871.111807,15,Burnley,,
E07000094,E12000008,E92000001,-1.24392998,51.03002167,660809390.293593,16,Winchester,,
E07000095,E12000006,E92000001,-0.05073,51.72079849,51447192.4024059,10,Broxbourne,,
E09000033,E12000007,E92000001,-0.15295,51.51221085,21453833.601538,20,Westminster,,
E07000096,E12000006,E92000001,-0.55097997,51.76845169,212398758.39884,25,Dacorum,,
E07000098,E12000006,E92000001,-0.26899001,51.68016815,101092764.395688,15,Hertsmere,,
E07000120,E12000002,E92000001,-2.38964009,53.75648117,72986278.417952,16,Hyndburn,,
E07000121,E12000002,E92000001,-2.66030002,54.07901001,575978451.347534,27,Lancaster,,
N09000006,,N92000002,-7.52710009,54.38520813,3011447461.48298,40,Fermanagh and Omagh,,
E07000099,E12000006,E92000001,-0.22314,51.95737839,375283549.291655,24,North Hertfordshire,,
E07000102,E12000006,E92000001,-0.45005,51.65631866,88783612.9254071,13,Three Rivers,,
E07000105,E12000008,E92000001,0.82337397,51.13095856,580444900.914057,35,Ashford,,
E07000122,E12000002,E92000001,-2.18956995,53.88636017,169325823.84672,20,Pendle,,
E07000106,E12000008,E92000001,1.09625697,51.28102875,308835542.539001,21,Canterbury,,
E07000107,E12000008,E92000001,0.245276,51.43373108,72751365.4912459,17,Dartford,,
E07000108,E12000008,E92000001,1.27692902,51.21173859,314988390.912167,21,Dover,,
E07000109,E12000008,E92000001,0.39874399,51.39649963,99033377.1337551,18,Gravesham,,
E07000110,E12000008,E92000001,0.58406103,51.23566055,393228991.045019,26,Maidstone,,
E07000123,E12000002,E92000001,-2.71816993,53.82199097,142253423.32229,22,Preston,,
E07000111,E12000008,E92000001,0.188936,51.27563095,370243422.787863,26,Sevenoaks,,
E07000241,E12000006,E92000001,-0.18517999,51.76087189,129450263.368062,16,Welwyn Hatfield,,
E07000112,E12000008,E92000001,1.00079596,51.07215118,356723538.454947,13,Shepway,,
E07000113,E12000008,E92000001,0.77952999,51.32387161,374316306.271759,24,Swale,,
E07000114,E12000008,E92000001,1.32829797,51.35253143,103349241.772009,23,Thanet,,
E07000115,E12000008,E92000001,0.34930599,51.26063919,240045505.055969,24,Tonbridge and Malling,,
E09000008,E12000007,E92000001,-0.07761,51.36597824,86514806.7188464,24,Croydon,,
E07000116,E12000008,E92000001,0.471632,51.10253906,331224802.044012,20,Tunbridge Wells,,
E07000118,E12000002,E92000001,-2.61921,53.67240143,202696409.081152,20,Chorley,,
E07000119,E12000002,E92000001,-2.91901994,53.79710007,165676141.304156,21,Fylde,,
E07000124,E12000002,E92000001,-2.41739988,53.92449951,584308955.398711,24,Ribble Valley,,
E07000125,E12000002,E92000001,-2.26149011,53.68478012,137985959.045615,14,Rossendale,,
E07000126,E12000002,E92000001,-2.72872996,53.72674942,112962564.044209,23,South Ribble,,
E07000129,E12000004,E92000001,-1.19886994,52.5770607,130447160.474005,18,Blaby,,
E07000127,E12000002,E92000001,-2.8689301,53.61280823,346670329.177587,25,West Lancashire,,
E09000009,E12000007,E92000001,-0.31406999,51.52442932,55525202.6603278,23,Ealing,,
E07000128,E12000002,E92000001,-2.80462003,53.89990997,281984018.473356,24,Wyre,,
E07000130,E12000004,E92000001,-1.13694,52.73989868,278955252.477991,28,Charnwood,,
E07000132,E12000004,E92000001,-1.41754997,52.60876846,297285090.52348,16,Hinckley and Bosworth,,
E07000131,E12000004,E92000001,-0.90228999,52.53765869,592580909.831636,25,Harborough,,
E07000133,E12000004,E92000001,-0.85439998,52.80329132,481243437.908607,16,Melton,,
E07000150,E12000004,E92000001,-0.7069,52.50696945,80250416.6459119,12,Corby,,
E07000134,E12000004,E92000001,-1.42209005,52.74250031,279260269.900625,38,North West Leicestershire,,
E07000135,E12000004,E92000001,-1.09300005,52.58874893,23511555.6869919,10,Oadby and Wigston,,
E09000010,E12000007,E92000001,-0.08147,51.64888,82151472.3178023,21,Enfield,,
E07000136,E12000004,E92000001,-0.11218,52.97793961,364763995.716171,15,Boston,,
E07000137,E12000004,E92000001,0.020549,53.26483154,1764534266.80967,37,East Lindsey,,
E07000138,E12000004,E92000001,-0.55848002,53.21921158,35642243.1356644,11,Lincoln,,
E07000156,E12000004,E92000001,-0.71425003,52.29257965,163059950.862923,16,Wellingborough,,
E07000139,E12000004,E92000001,-0.47670001,53.08058167,922216327.569342,26,North Kesteven,,
E07000170,E12000004,E92000001,-1.25422001,53.09746933,109522257.091884,23,Ashfield,,
E07000140,E12000004,E92000001,-0.03058,52.78757858,750608690.789895,18,South Holland,,
E07000173,E12000004,E92000001,-1.11907005,53.02434158,119933206.466014,19,Gedling,,
E07000141,E12000004,E92000001,-0.49564999,52.84885025,942373248.205684,30,South Kesteven,,
E07000174,E12000004,E92000001,-1.17804003,53.16703033,76649764.4580869,36,Mansfield,,
E07000142,E12000004,E92000001,-0.50774002,53.40044022,1155398600.30996,20,West Lindsey,,
E07000178,E12000008,E92000001,-1.24405003,51.75357056,45609559.2889634,24,Oxford,,
E07000143,E12000006,E92000001,0.81871599,52.59421158,1304794926.32972,27,Breckland,,
E07000208,E12000008,E92000001,-0.26172,51.33945084,34110795.4949118,13,Epsom and Ewell,,
E07000144,E12000006,E92000001,1.25233197,52.6962204,552244059.338908,27,Broadland,,
E07000145,E12000006,E92000001,1.64949596,52.68439865,174386810.052514,17,Great Yarmouth,,
E07000146,E12000006,E92000001,0.53325802,52.71282959,1438465870.05747,42,King's Lynn and West Norfolk,,
E07000147,E12000006,E92000001,1.132195,52.83377838,963768477.747431,34,North Norfolk,,
E07000148,E12000006,E92000001,1.28497899,52.64012909,39002069.2829522,13,Norwich,,
E07000149,E12000006,E92000001,1.37324798,52.51218033,907423023.816761,36,South Norfolk,,
E07000151,E12000004,E92000001,-1.01446998,52.30994034,665485554.406306,16,Daventry,,
E07000152,E12000004,E92000001,-0.50919998,52.47909164,509591312.06156,22,East Northamptonshire,,
E07000212,E12000008,E92000001,-0.53855002,51.39273071,78033874.4296241,14,Runnymede,,
E07000153,E12000004,E92000001,-0.76773,52.43722916,233451732.326128,17,Kettering,,
E07000154,E12000004,E92000001,-0.88121003,52.23775101,80712371.1715571,33,Northampton,,
E07000155,E12000004,E92000001,-1.08129001,52.11843872,633926518.196831,27,South Northamptonshire,,
E07000213,E12000008,E92000001,-0.46254,51.41551971,51154734.6545168,13,Spelthorne,,
E07000163,E12000003,E92000001,-2.16167998,54.05376053,1178645077.2782,19,Craven,,
E07000164,E12000003,E92000001,-1.34048998,54.30871964,1310925041.11273,17,Hambleton,,
E07000214,E12000008,E92000001,-0.68985999,51.33610153,95054329.41578,16,Surrey Heath,,
E07000165,E12000003,E92000001,-1.58160996,54.07707977,1308708684.8005,35,Harrogate,,
E07000166,E12000003,E92000001,-1.98552001,54.3576088,1318387397.75769,24,Richmondshire,,
E09000011,E12000007,E92000001,0.050108,51.46395874,47294443.7294361,17,Greenwich,,
E07000167,E12000003,E92000001,-0.84276998,54.20021057,1506266777.80355,20,Ryedale,,
E09000012,E12000007,E92000001,-0.06045,51.5549202,19050906.8557253,21,Hackney,,
E07000168,E12000003,E92000001,-0.52780002,54.34648895,816357676.012806,25,Scarborough,,
E07000169,E12000003,E92000001,-1.12908006,53.73326874,599162142.61023,19,Selby,,
E07000171,E12000004,E92000001,-0.97869998,53.35604095,637691844.196336,25,Bassetlaw,,
E07000172,E12000004,E92000001,-1.25943995,52.9720993,80119194.1662564,20,Broxtowe,,
E07000175,E12000004,E92000001,-0.94643003,53.10960007,651208908.310368,21,Newark and Sherwood,,
E09000013,E12000007,E92000001,-0.21736,51.48736954,16378548.3738723,16,Hammersmith and Fulham,,
E09000014,E12000007,E92000001,-0.10667,51.58771133,29594223.2067843,19,Haringey,,
E07000176,E12000004,E92000001,-1.01097,52.91239929,409140105.09967,25,Rushcliffe,,
E07000215,E12000008,E92000001,-0.04805,51.23580933,248136081.409633,20,Tandridge,,
E09000015,E12000007,E92000001,-0.33603001,51.59466934,50436576.8608238,21,Harrow,,
E07000177,E12000004,E92000001,-1.28506005,51.8871994,588573126.347662,16,Cherwell,,
E07000179,E12000008,E92000001,-1.07846999,51.62287903,678269863.357273,21,South Oxfordshire,,
E07000180,E12000008,E92000001,-1.48543,51.65443039,578543412.404942,24,Vale of White Horse,,
E07000181,E12000008,E92000001,-1.50292003,51.83990097,714251076.715009,27,West Oxfordshire,,
E09000016,E12000007,E92000001,0.235368,51.56518936,112314717.565982,18,Havering,,
E07000187,E12000009,E92000001,-2.54177999,51.19475937,739215032.537936,34,Mendip,,
E07000188,E12000009,E92000001,-2.88250995,51.19184875,564224328.068944,23,Sedgemoor,,
E07000189,E12000009,E92000001,-2.7758801,50.98398972,958781020.218125,39,South Somerset,,
E07000190,E12000009,E92000001,-3.16542006,51.00479126,462207348.696167,26,Taunton Deane,,
E09000017,E12000007,E92000001,-0.44182,51.53662872,115709872.115657,22,Hillingdon,,
E07000191,E12000009,E92000001,-3.50494003,51.11989975,726835791.93407,16,West Somerset,,
E07000192,E12000005,E92000001,-1.98276997,52.70166016,78873898.5456335,15,Cannock Chase,,
E07000193,E12000005,E92000001,-1.81438005,52.8365097,389894324.773461,21,East Staffordshire,,
E07000194,E12000005,E92000001,-1.76048994,52.69615173,331177431.680146,22,Lichfield,,
E08000003,E12000002,E92000001,-2.23358989,53.47008896,115567700.002855,32,Manchester,,
E07000195,E12000005,E92000001,-2.32630992,53.00344849,210911513.364144,24,Newcastle-under-Lyme,,
E08000004,E12000002,E92000001,-2.0527401,53.55767822,142308781.604259,20,Oldham,,
E07000196,E12000005,E92000001,-2.1549499,52.69691849,407223724.932369,25,South Staffordshire,,
E07000197,E12000005,E92000001,-2.1647501,52.84791946,598046292.236872,23,Stafford,,
E07000198,E12000005,E92000001,-1.99334002,53.06924057,575684988.506083,27,Staffordshire Moorlands,,
E07000199,E12000005,E92000001,-1.68450999,52.62031174,30853800.7066162,10,Tamworth,,
E07000200,E12000006,E92000001,0.91623098,52.06417847,595135230.464685,27,Babergh,,
E07000201,E12000006,E92000001,0.52760601,52.33330917,377669114.634774,14,Forest Heath,,
E07000202,E12000006,E92000001,1.16326702,52.05791855,39521626.0946459,16,Ipswich,,
E09000018,E12000007,E92000001,-0.37843999,51.46242905,55958765.1397164,20,Hounslow,,
E07000203,E12000006,E92000001,1.09695303,52.21858978,870825468.049306,30,Mid Suffolk,,
E09000019,E12000007,E92000001,-0.10992,51.54547882,14833839.0924903,16,Islington,,
E07000204,E12000006,E92000001,0.675273,52.26118088,656801914.311909,31,St Edmundsbury,,
E07000205,E12000006,E92000001,1.41014194,52.17782974,891507894.082618,26,Suffolk Coastal,,
E07000206,E12000006,E92000001,1.56323695,52.43524933,370011697.844049,23,Waveney,,
E07000207,E12000008,E92000001,-0.39441001,51.36098099,96274713.6962427,16,Elmbridge,,
E07000209,E12000008,E92000001,-0.56256998,51.25365829,270929884.403395,22,Guildford,,
E08000005,E12000002,E92000001,-2.14784002,53.60741043,158122946.173114,20,Rochdale,,
E07000210,E12000008,E92000001,-0.30603001,51.22748947,258242293.118035,21,Mole Valley,,
E07000211,E12000008,E92000001,-0.19870999,51.258461,129096754.340894,19,Reigate and Banstead,,
E09000020,E12000007,E92000001,-0.18976,51.49644089,12136262.3785004,18,Kensington and Chelsea,,
E07000216,E12000008,E92000001,-0.62343001,51.15686035,345105609.527672,29,Waverley,,
E07000217,E12000008,E92000001,-0.57981998,51.30836868,63545639.785977,10,Woking,,
E07000218,E12000005,E92000001,-1.62419999,52.56483841,284197904.437233,17,North Warwickshire,,
E07000219,E12000005,E92000001,-1.47965002,52.50093842,78955772.2172365,17,Nuneaton and Bedworth,,
E08000006,E12000002,E92000001,-2.38485003,53.47927094,97134625.5185411,20,Salford,,
E07000220,E12000005,E92000001,-1.31827998,52.38227844,353433664.05151,16,Rugby,,
E07000221,E12000005,E92000001,-1.63565004,52.16154099,977644481.520144,36,Stratford-on-Avon,,
E07000239,E12000005,E92000001,-2.23494005,52.38529968,195374551.377346,12,Wyre Forest,,
E07000222,E12000005,E92000001,-1.58369005,52.3014183,282809176.479149,22,Warwick,,
E07000223,E12000008,E92000001,-0.32433,50.84572983,41943022.5708889,14,Adur,,
E09000021,E12000007,E92000001,-0.28367001,51.39295959,37266489.3254362,16,Kingston upon Thames,,
E07000224,E12000008,E92000001,-0.64998001,50.84320831,220877800.322233,23,Arun,,
E07000225,E12000008,E92000001,-0.71630001,50.94176865,786054014.169894,29,Chichester,,
E07000226,E12000008,E92000001,-0.19532999,51.12356949,44958652.6915942,15,Crawley,,
E09000022,E12000007,E92000001,-0.11385,51.46442032,26791470.2548421,21,Lambeth,,
E07000227,E12000008,E92000001,-0.38123,51.00270844,530133052.383435,22,Horsham,,
E07000228,E12000008,E92000001,-0.10272,51.05952835,333915983.045658,26,Mid Sussex,,
E07000229,E12000008,E92000001,-0.40127,50.83309937,32501849.1104218,13,Worthing,,
E07000240,E12000006,E92000001,-0.3407,51.77355957,161228110.057864,20,St Albans,,
E07000234,E12000005,E92000001,-2.0037601,52.36169052,216968269.869555,30,Bromsgrove,,
E07000235,E12000005,E92000001,-2.33088994,52.16757965,576941570.331004,22,Malvern Hills,,
E07000236,E12000005,E92000001,-1.94710004,52.28541183,54253082.9750315,12,Redditch,,
E07000237,E12000005,E92000001,-2.2102499,52.1948204,33287632.2793035,15,Worcester,,
E07000238,E12000005,E92000001,-2.01613998,52.12886047,663288547.764891,32,Wychavon,,
E07000242,E12000006,E92000001,0.002739,51.86484909,475593251.281412,30,East Hertfordshire,,
E07000243,E12000006,E92000001,-0.18987,51.90539169,25935689.2488169,13,Stevenage,,
E08000013,E12000002,E92000001,-2.70309997,53.45861816,136380209.196339,16,St. Helens,,
E08000001,E12000002,E92000001,-2.47952008,53.58449173,139761148.344019,20,Bolton,,
E08000002,E12000002,E92000001,-2.30879998,53.5931015,99438921.7568531,17,Bury,,
E09000023,E12000007,E92000001,-0.01733,51.44231033,35180361.6591739,18,Lewisham,,
E08000007,E12000002,E92000001,-2.12467003,53.39115906,126017631.702876,21,Stockport,,
E08000008,E12000002,E92000001,-2.0769999,53.47866821,103140427.839909,19,Tameside,,
E08000009,E12000002,E92000001,-2.36572003,53.4167099,105997495.348502,21,Trafford,,
E08000010,E12000002,E92000001,-2.57246995,53.51445007,188116119.241395,25,Wigan,,
E08000011,E12000002,E92000001,-2.8329699,53.43788147,86516021.5399643,15,Knowsley,,
E08000012,E12000002,E92000001,-2.91364002,53.40829849,111794665.629823,30,Liverpool,,
E08000014,E12000002,E92000001,-2.99203992,53.48210144,154902020.940295,22,Sefton,,
E08000015,E12000002,E92000001,-3.06502008,53.37453842,157023377.007892,22,Wirral,,
E09000024,E12000007,E92000001,-0.18866999,51.41056824,37619486.6335966,20,Merton,,
E08000016,E12000003,E92000001,-1.54925001,53.52576828,329052647.135117,21,Barnsley,,
E08000022,E12000001,E92000001,-1.50923002,55.02896118,82276108.2054278,20,North Tyneside,,
E09000025,E12000007,E92000001,0.027369,51.53131866,36192178.0429375,20,Newham,,
E08000017,E12000003,E92000001,-1.10894001,53.52696991,567890862.552729,21,Doncaster,,
E08000018,E12000003,E92000001,-1.28650999,53.3955307,286386728.919349,21,Rotherham,,
E08000019,E12000003,E92000001,-1.54253995,53.40357971,367772906.890811,28,Sheffield,,
E08000021,E12000001,E92000001,-1.65296996,55.02101135,113411249.903481,26,Newcastle upon Tyne,,
E09000026,E12000007,E92000001,0.070085,51.58589172,56398667.5404607,21,Redbridge,,
E08000024,E12000001,E92000001,-1.43343997,54.85720062,137352070.638631,25,Sunderland,,
E08000025,E12000005,E92000001,-1.88141,52.48403931,267696579.880122,40,Birmingham,,
E08000027,E12000005,E92000001,-2.10171008,52.49512863,97915869.640166,24,Dudley,,
E08000028,E12000005,E92000001,-2.00770998,52.51477051,85576411.3328187,24,Sandwell,,
E09000027,E12000007,E92000001,-0.28913999,51.44033051,57352843.2861406,18,Richmond upon Thames,,
E08000029,E12000005,E92000001,-1.71557999,52.43099976,178236970.707356,17,Solihull,,
E08000030,E12000005,E92000001,-1.97044003,52.60503006,103972775.973472,20,Walsall,,
E08000031,E12000005,E92000001,-2.12746,52.59788132,69422291.5115431,20,Wolverhampton,,
E08000032,E12000003,E92000001,-1.87389004,53.84381866,366304127.869014,30,Bradford,,
E08000033,E12000003,E92000001,-1.96182001,53.72048187,363905977.02134,17,Calderdale,,
E08000034,E12000003,E92000001,-1.78085005,53.64233017,408397406.946038,23,Kirklees,,
E08000036,E12000003,E92000001,-1.42092001,53.65922165,338529814.632827,21,Wakefield,,
E08000035,E12000003,E92000001,-1.50735998,53.82273102,551654083.812553,33,Leeds,,
E09000004,E12000007,E92000001,0.146212,51.45820999,60573184.4616467,21,Bexley,,
E08000037,E12000001,E92000001,-1.6868,54.93119812,142324771.987272,22,Gateshead,,
E09000001,E12000007,E92000001,-0.09351,51.51564026,2896950.92221401,25,City of London,,
E09000002,E12000007,E92000001,0.12950601,51.54552078,36099447.8641509,17,Barking and Dagenham,,
E09000003,E12000007,E92000001,-0.21821,51.61108017,86778688.0094809,21,Barnet,,
N09000001,,N92000002,-6.17759991,54.6938591,728042842.580232,40,Antrim and Newtownabbey,,
N09000002,,N92000002,-6.43454981,54.38669968,1436690246.37186,41,"Armagh City, Banbridge and Craigavon",,
N09000003,,N92000002,-5.92535019,54.59852982,137687205.415308,60,Belfast,,
N09000004,,N92000002,-6.59959984,55.03961945,1985119117.87429,40,Causeway Coast and Glens,,
N09000005,,N92000002,-7.42063999,54.80904007,1250863180.95132,40,Derry City and Strabane,,
N09000007,,N92000002,-6.03544998,54.49752045,510306475.662887,40,Lisburn and Castlereagh,,
N09000008,,N92000002,-6.14645004,54.86462021,1061123362.80827,40,Mid and East Antrim,,
N09000009,,N92000002,-6.8888998,54.55273056,1956799547.76075,40,Mid Ulster,,
N09000010,,N92000002,-6.0889101,54.1495285,1682070124.50319,41,"Newry, Mourne and Down",,
N09000011,,N92000002,-5.64567995,54.56409073,564880114.591652,40,Ards and North Down,,
S12000005,,S92000003,-3.7534399,56.14723969,158941080.688789,5,Clackmannanshire,,
S12000006,,S92000003,-4.02862978,55.09621811,6436153910.57477,12,Dumfries and Galloway,Dumfries & Galloway,
S12000008,,S92000003,-4.29056978,55.49673843,1270063167.46913,9,East Ayrshire,,
S12000010,,S92000003,-2.72434998,55.94207001,679087691.716403,6,East Lothian,,
S12000011,,S92000003,-4.36059999,55.74868011,174210604.454929,5,East Renfrewshire,,
S12000013,,S92000003,-6.65721989,58.19937897,3096364349.51833,9,Na h-Eileanan Siar,Eilean Siar,
S12000014,,S92000003,-3.77060008,55.99604034,297249781.745215,9,Falkirk,,
S12000015,,S92000003,-2.98235011,56.23117065,1324855269.62078,22,Fife,,
S12000017,,S92000003,-4.66091013,57.586689,26155486666.9421,21,Highland,,
S12000018,,S92000003,-4.75387001,55.90034866,161892352.060344,7,Inverclyde,,
S12000019,,S92000003,-3.1173799,55.82110977,355177179.748365,6,Midlothian,,
S12000020,,S92000003,-3.20186996,57.47682953,2237259465.06668,8,Moray,,
S12000021,,S92000003,-4.7247901,55.72787857,885316814.860723,10,North Ayrshire,,
S12000023,,S92000003,-2.90028,58.9433403,1013720438.86071,6,Orkney Islands,,
S12000024,,S92000003,-3.88479996,56.57529068,5382322802.68253,12,Perth and Kinross,Perth & Kinross,
S12000026,,S92000003,-2.85865998,55.52593994,4738059676.1136,11,Scottish Borders,Scottish Borders  The,
S12000027,,S92000003,-1.37344003,60.50495148,1468250262.69528,7,Shetland Islands,,
S12000028,,S92000003,-4.72901011,55.23006821,1223762379.16409,8,South Ayrshire,,
S12000029,,S92000003,-3.83272004,55.60453033,1773491378.12178,20,South Lanarkshire,,
S12000030,,S92000003,-4.32595015,56.24953079,2252891162.08566,7,Stirling,,
S12000033,,S92000003,-2.20397997,57.1669693,185645315.088776,13,Aberdeen City,,
S12000034,,S92000003,-2.79204988,57.23468018,6316387279.19024,19,Aberdeenshire,,
S12000035,,S92000003,-5.22113991,56.28942871,7005285889.41503,11,Argyll and Bute,Argyll & Bute,
S12000036,,S92000003,-3.27825999,55.91119003,263296794.591449,17,City of Edinburgh,Edinburgh  City of,
S12000039,,S92000003,-4.52074003,56.00141144,177230771.251777,6,West Dunbartonshire,,
S12000038,,S92000003,-4.56833982,55.84862137,261397874.719962,12,Renfrewshire,,
S12000045,,S92000003,-4.22417021,55.9582901,174438376.484215,7,East Dunbartonshire,,
S12000040,,S92000003,-3.60909009,55.89920044,428721849.335772,9,West Lothian,,
S12000041,,S92000003,-2.89189005,56.72480011,2184635803.17665,8,Angus,,
S12000042,,S92000003,-2.97094989,56.4776001,59840697.0908407,8,Dundee City,,
S12000044,,S92000003,-3.95140004,55.86814117,472143207.251948,21,North Lanarkshire,,
S12000046,,S92000003,-4.21478987,55.87649155,174681347.495906,23,Glasgow City,,
W06000001,,W92000004,-4.32290983,53.27944946,714306425.317715,11,Isle of Anglesey,,
W06000002,,W92000004,-3.8155899,52.89825821,2547636384.26944,71,Gwynedd,,
W06000003,,W92000004,-3.74645996,53.14738846,1130008631.91098,38,Conwy,,
W06000013,,W92000004,-3.61359,51.56058121,250723244.659589,39,Bridgend,,
W06000004,,W92000004,-3.34761,53.08832932,838342820.786884,30,Denbighshire,,
W06000005,,W92000004,-3.17604995,53.21498108,437386363.022555,57,Flintshire,,
W06000006,,W92000004,-2.99202991,53.00167084,503561916.228283,47,Wrexham,,
W06000008,,W92000004,-3.94993997,52.29795074,1788561066.45935,40,Ceredigion,,
W06000009,,W92000004,-4.90818024,51.85512161,1618206771.46781,60,Pembrokeshire,,
W06000010,,W92000004,-4.2111001,51.89495087,2370547706.38339,58,Carmarthenshire,,
W06000011,,W92000004,-3.96723008,51.65805817,379513555.175848,36,Swansea,,
W06000012,,W92000004,-3.74638009,51.64450073,442197992.758188,42,Neath Port Talbot,,
W06000014,,W92000004,-3.39803004,51.44837952,331099363.062688,23,Vale of Glamorgan,The Vale of Glamorgan,
W06000015,,W92000004,-3.22212005,51.50254059,142318448.080407,29,Cardiff,,
W06000016,,W92000004,-3.41358995,51.62184906,424031712.151373,52,Rhondda Cynon Taf,Rhondda Cynon Taff,
W06000020,,W92000004,-3.05100989,51.69836044,126192631.205777,24,Torfaen,,
W06000018,,W92000004,-3.19753003,51.65000916,277285299.179255,33,Caerphilly,,
W06000019,,W92000004,-3.18592,51.75363922,108699254.085732,16,Blaenau Gwent,,
W06000024,,W92000004,-3.36424994,51.74858093,111903240.372286,11,Merthyr Tydfil,,
W06000021,,W92000004,-2.90280008,51.77827072,850063066.603193,42,Monmouthshire,,
W06000022,,W92000004,-2.89769006,51.58232117,190460621.002225,20,Newport,,
W06000023,,W92000004,-3.43532991,52.348629,5194167033.38937,73,Powys,,
