la,"(1, 4)","(5, 40)","(41, 44)","(45, 46)","(46, 47)","(47, 48)","(49, 54)","(55, 57)","(58, 64)","(64, 67)","(68, 69)","(69, 76)","(77, 83)","(84, 85)","(85, 86)","(86, 88)","(90, 99)"
E09000001,107,2414,1653,162,1033,934,631,818,5050,8648,2487,10034,16675,36,496,620,3016
S12000033,149,1429,728,134,207,363,246,511,598,197,601,3944,2313,7,98,223,762
E06000056,106,872,1693,283,338,582,498,357,1600,244,564,2500,1436,12,238,412,1121
E07000077,89,398,664,100,194,259,204,207,505,194,324,1093,603,3,111,126,568
E09000023,17,493,1051,105,249,598,210,609,1777,219,686,1917,1197,21,385,1003,1988
E07000090,37,402,966,102,103,388,183,164,574,202,382,1139,515,5,86,278,583
E07000115,43,367,901,119,179,241,137,197,665,304,371,1331,963,3,115,267,778
E08000025,93,3951,4026,1208,2056,3508,2176,3358,4744,1268,3254,7269,12700,60,1445,4095,6765
E07000092,9,278,553,104,105,216,125,121,648,106,192,846,560,21,59,178,366
E07000098,32,432,1106,136,380,435,417,333,1582,386,1097,2185,1708,21,153,531,1336
E08000008,12,731,886,223,251,501,266,223,501,189,438,1125,817,16,153,306,671
E08000004,22,725,1042,234,316,540,441,347,473,173,409,1017,930,11,180,409,796
E06000026,37,419,1055,214,149,443,204,477,491,189,522,937,474,17,190,288,882
E09000008,37,932,2521,369,699,1672,507,1188,2730,502,1745,3686,2444,27,602,1556,4158
E09000015,39,887,3210,383,1202,1825,732,1071,4081,801,2847,5507,3722,29,572,1525,3370
E08000006,26,713,1015,190,534,699,473,380,1025,324,895,1896,1251,11,201,505,1663
S12000036,208,1435,1850,295,417,1076,656,1773,3139,1342,1947,5799,2988,19,460,758,2252
E07000136,118,149,178,82,72,143,211,82,73,28,114,176,160,,36,106,159
E09000028,39,1068,1149,134,618,910,360,999,3516,1217,1415,5452,2917,30,603,1313,2851
E09000033,304,3636,5336,325,2820,3146,1128,3368,10755,7503,10073,19126,15998,82,1207,1795,10147
E07000130,54,643,829,203,285,375,270,236,1130,163,393,1261,519,5,161,282,570
E09000011,17,504,1379,135,294,687,328,506,1785,249,679,2005,1426,24,417,1312,1665
E07000206,79,351,543,92,91,229,101,174,215,68,200,620,296,7,66,119,392
E07000096,26,436,907,119,253,321,282,270,2236,218,438,2212,1179,12,146,322,1156
E09000013,41,624,1019,98,530,836,228,806,2411,572,1439,3358,1731,8,387,661,3031
E07000148,82,564,672,153,199,341,141,351,660,230,460,1184,890,13,142,397,623
E07000146,232,370,752,141,128,308,148,211,252,84,268,579,344,10,56,171,398
E09000025,16,617,2192,183,642,1304,572,793,1964,302,957,1965,2688,20,494,975,1804
E08000027,35,1629,1715,399,466,752,491,371,784,347,654,1988,1188,24,218,557,978
E07000050,144,266,385,76,68,156,66,101,257,70,138,428,196,3,58,100,270
E08000035,119,2685,3793,841,1146,2006,1843,1684,3637,1364,2695,6603,3680,29,654,1981,3299
E07000047,65,126,156,43,41,108,32,94,140,35,108,273,106,4,35,63,204
E09000007,125,2436,4299,500,2334,3085,882,2321,10562,2606,5017,13583,10758,87,1131,1678,7763
E09000014,15,661,1333,130,510,1004,357,883,1935,308,1962,2344,1706,18,418,627,2557
E08000037,18,582,869,169,211,421,204,339,461,155,466,1055,592,7,162,308,664
N09000010,180,473,896,150,253,390,192,251,240,87,296,494,244,1,52,131,511
N09000006,146,342,575,95,115,194,89,126,89,54,432,244,161,4,40,77,194
E07000218,27,290,354,74,75,138,150,97,195,75,174,391,292,4,65,46,239
E09000020,33,649,838,98,451,877,161,629,1787,822,1820,3478,1594,12,289,557,2922
W06000023,209,429,537,100,124,259,120,290,280,62,180,604,349,7,78,91,439
E09000024,17,638,1773,196,522,985,393,600,3373,416,1095,3729,1985,14,323,1029,1947
E09000003,89,1729,4914,585,1978,2625,983,2236,5854,1608,7319,8566,7575,45,918,1959,6826
E07000107,13,343,1014,138,181,283,311,198,599,163,283,967,640,5,108,373,483
E06000030,40,466,1038,192,165,401,557,284,1244,216,375,1681,813,10,161,350,747
E07000213,7,307,607,87,154,203,1887,143,749,105,249,809,513,8,79,186,867
E09000030,39,1162,1360,210,970,1321,706,1458,4490,1732,1628,5669,3514,40,667,769,2600
E07000099,88,566,830,148,247,368,208,211,960,211,515,1631,845,13,163,302,1270
E08000036,54,961,1292,317,357,651,624,360,672,342,524,1856,844,9,205,425,712
E07000225,142,445,802,133,167,384,122,288,588,186,499,1303,653,4,120,183,926
E06000027,103,283,693,114,111,304,117,353,315,90,378,537,471,4,107,196,1009
E09000006,38,744,2425,224,436,832,284,689,2437,636,1428,3430,2340,27,441,886,2394
E09000022,27,627,982,101,343,774,274,952,2417,295,1242,2806,1702,23,464,758,2891
E09000026,21,787,3118,409,850,1561,699,1315,3055,453,2102,4152,3376,20,568,1387,2924
E06000046,53,356,488,80,69,229,87,263,388,87,308,628,349,5,103,121,791
S12000015,151,828,1065,175,172,453,193,457,816,159,436,1576,914,8,110,188,665
E06000049,214,1350,1886,386,696,1033,579,645,2112,757,1297,6199,2386,30,373,1123,1918
E08000024,19,551,683,147,146,381,186,435,367,118,311,774,457,5,171,245,510
E07000114,40,271,569,100,82,253,111,205,338,73,288,525,443,6,103,191,622
E09000018,19,647,1586,225,687,1100,771,622,3177,500,932,2798,1751,21,333,844,1717
E06000023,83,1284,2320,519,577,1085,733,1147,3087,708,1874,4443,2548,21,512,1061,4079
W06000003,46,246,356,86,68,236,95,257,219,106,214,463,278,1,65,122,401
E06000011,543,1115,1688,354,392,792,500,691,785,290,795,2168,935,11,244,402,966
E07000125,6,288,270,65,105,148,154,81,169,63,96,367,251,3,56,93,153
E07000215,54,337,832,84,183,265,122,138,863,239,498,1350,861,10,106,193,706
E07000076,62,300,605,117,77,222,166,256,268,65,232,429,378,7,103,171,358
E06000034,19,340,1303,191,177,270,767,201,671,138,241,949,741,15,137,523,561
S12000041,230,623,385,66,61,175,67,163,118,34,175,577,391,6,28,49,228
E07000181,110,409,705,154,159,287,102,198,682,149,345,1325,518,4,108,171,695
E06000045,39,639,1340,282,226,509,453,504,877,332,544,1500,1284,10,157,517,1025
E07000228,63,480,878,140,282,477,197,266,1083,304,471,1666,934,9,159,404,849
E09000029,23,410,1664,199,306,518,206,397,1466,222,628,1766,1235,13,222,674,1264
E07000012,178,902,854,152,201,336,172,232,1271,191,425,2156,727,4,214,361,716
E06000040,36,586,787,173,365,500,218,363,1799,431,708,2929,1277,6,220,355,1223
E07000129,24,479,651,139,166,236,228,119,305,196,301,738,450,6,95,234,388
E07000156,34,332,1414,104,146,174,299,140,301,67,179,530,364,3,59,137,229
E08000003,52,1936,2335,583,1712,2415,1174,2180,3400,1287,2882,6299,4602,38,717,2826,3355
E08000012,32,1050,2137,388,517,1053,938,1380,1328,586,1752,2766,2610,32,520,869,2469
E06000009,12,263,586,118,117,315,313,322,831,77,388,896,423,6,67,211,459
E06000018,48,988,1230,286,412,753,385,608,1095,513,922,2059,1250,12,342,902,1250
E07000040,113,332,636,126,127,335,124,239,378,111,403,804,415,6,119,147,654
E07000008,56,292,372,41,118,262,54,262,1050,187,515,1498,539,13,309,271,656
E06000004,17,530,787,126,132,296,154,256,373,133,314,1492,534,10,148,263,451
E06000025,72,709,1655,267,256,487,429,312,1305,300,645,2049,901,22,175,480,1248
E07000068,43,269,917,86,141,258,104,175,624,238,351,994,750,14,78,166,475
E06000022,69,582,1107,175,200,545,171,499,1198,279,678,2124,808,9,225,310,1257
E07000240,34,476,1105,137,305,511,214,321,1991,308,773,2783,1841,9,222,544,959
E09000016,30,612,2236,258,323,625,484,456,1330,297,604,1534,1525,18,260,1036,1156
E07000007,54,771,1082,223,426,522,273,320,1631,261,796,2783,1260,10,219,424,1302
E07000043,108,253,446,65,88,218,65,194,213,57,204,422,234,6,74,99,391
E06000035,37,641,1859,232,248,523,398,366,807,219,547,1478,1098,16,232,701,878
S12000020,146,226,293,48,34,120,37,108,94,20,68,344,414,3,47,44,210
E06000043,50,822,1869,206,443,1089,223,1014,6981,589,1718,5520,2506,30,470,884,3836
E09000027,31,492,996,101,340,627,232,518,2659,416,1380,3757,1755,14,321,504,1967
E08000016,48,644,1040,200,210,400,374,265,399,159,404,900,545,9,147,209,517
E07000044,74,288,420,57,94,232,69,215,261,76,303,566,256,11,114,103,438
E07000168,101,269,432,77,57,262,60,313,170,135,332,415,181,1,58,105,427
E07000192,18,429,811,150,148,231,255,124,256,83,180,599,373,4,69,111,456
E07000209,61,487,696,125,231,372,119,229,1233,336,617,2045,966,9,174,276,1037
E07000037,31,378,394,109,110,252,129,205,305,69,201,695,327,5,82,107,475
E07000217,18,298,540,95,183,276,110,179,1159,177,404,1510,849,13,116,214,785
E07000073,12,205,422,59,142,145,247,97,252,79,101,432,354,5,76,344,727
E08000009,43,893,1229,269,507,768,339,604,1573,611,1361,3399,3804,12,284,891,1370
E07000227,104,587,809,185,247,401,185,214,1129,260,460,1825,882,5,124,241,855
E09000009,29,948,2648,352,999,1577,729,963,3075,398,1640,3985,2205,31,522,994,2490
E06000020,50,583,477,163,199,309,201,204,501,124,267,825,426,4,121,216,391
E07000207,35,474,1126,127,308,414,160,328,1462,426,853,3039,1336,8,175,310,1381
E07000222,82,612,756,161,256,443,201,309,1087,225,515,2781,963,13,174,312,783
W06000022,59,339,577,143,148,266,326,284,370,199,260,768,563,8,87,193,399
E06000047,147,1166,1714,333,318,745,459,543,719,235,651,1864,1107,18,335,385,1001
E06000041,51,426,707,133,207,339,145,211,1881,317,436,1942,969,14,137,246,1111
E08000030,13,1092,1183,270,350,543,618,370,499,180,430,1051,773,18,179,533,628
S12000046,130,1782,2738,522,816,2057,556,2626,2702,897,2326,4865,3344,26,457,897,2599
E08000021,27,686,912,188,242,610,252,792,1013,370,1111,1803,871,8,279,658,1140
E07000147,119,286,370,64,79,224,50,190,202,52,193,385,225,,61,69,302
E07000223,9,182,415,50,77,141,87,70,275,71,134,419,225,2,64,82,340
E07000212,17,295,530,96,168,198,150,146,681,196,424,1085,684,2,87,250,546
E09000012,50,1433,1426,200,1058,2022,429,1331,6640,961,3520,5999,13109,46,778,1051,3901
E07000200,88,325,437,83,121,198,102,124,355,115,227,653,386,3,59,90,346
E06000028,27,436,1151,171,187,548,167,448,1855,290,910,1696,806,8,217,353,1840
E07000172,14,331,578,107,122,248,107,170,796,92,235,605,331,5,89,291,304
E07000195,36,367,496,107,163,267,160,148,278,148,188,563,379,5,98,252,329
E07000171,100,371,498,83,126,215,165,133,211,96,219,519,303,6,61,145,264
E07000049,56,434,627,89,124,238,95,122,399,142,245,864,381,7,97,103,507
E06000007,29,566,1078,208,244,441,766,291,1157,266,504,2963,10650,19,168,635,989
E07000242,76,651,1288,191,261,385,1473,306,985,268,561,1810,1438,8,171,247,1441
E06000050,185,901,1817,298,378,874,491,545,1416,514,894,3378,1727,27,303,534,1290
E06000014,77,472,975,144,183,484,147,470,784,217,565,1736,606,8,161,290,1007
E06000051,410,1027,1457,318,460,708,318,543,1033,268,768,2253,972,19,242,474,1661
E09000032,33,779,1457,124,644,1065,335,944,2896,811,1599,5777,2282,41,419,2258,3083
E06000037,119,685,1047,212,404,417,233,276,1859,310,648,2791,1242,7,159,203,1008
E07000005,43,347,686,112,188,330,109,215,1027,166,513,1872,687,4,151,257,701
E09000019,78,1366,2048,309,1237,1903,510,1514,5850,1587,2382,7982,4937,36,787,1049,4006
S12000039,6,158,228,40,37,92,64,97,113,28,68,230,199,1,17,27,144
E07000150,16,261,204,166,62,111,325,64,164,34,119,330,223,3,43,166,163
E07000190,194,311,662,143,148,288,114,185,406,146,419,957,399,7,124,237,518
E08000018,43,744,1233,199,260,534,378,274,540,180,348,948,656,14,175,449,479
E07000028,106,259,499,108,112,208,207,222,199,84,208,571,347,1,75,137,387
E07000119,35,292,565,134,123,265,192,213,886,193,333,2182,630,15,89,216,662
E06000031,67,455,689,263,280,447,778,226,685,229,400,1078,861,7,145,438,600
E07000087,21,509,792,137,111,271,153,208,613,157,258,981,625,15,98,193,594
S12000034,699,1265,954,147,149,352,176,352,422,84,296,2715,1152,11,93,134,855
E08000026,39,1015,1072,359,470,1304,924,585,1836,373,771,2703,1494,25,336,905,1165
E07000065,135,584,1280,206,293,524,145,282,1131,243,562,1856,1255,14,182,259,1070
E09000010,28,864,2457,362,859,1282,567,1448,2086,469,1939,3184,2526,25,409,1296,2472
E07000011,112,686,862,187,255,387,281,252,835,184,454,1448,1029,13,120,287,970
E08000005,16,594,869,177,322,504,605,237,441,122,348,808,1180,12,144,631,539
E06000024,62,573,1012,222,207,394,346,345,985,241,560,1764,847,21,170,324,1162
E07000069,19,217,940,122,85,231,266,141,345,106,229,641,383,3,71,136,406
E07000029,40,84,203,32,11,70,25,80,68,8,46,426,263,1,34,42,181
E06000052,372,1514,2268,346,425,1153,364,1251,1236,352,1175,2462,1228,27,432,584,1973
E07000111,61,482,1307,176,224,331,155,220,973,367,690,1559,1145,3,138,216,933
E07000067,121,530,945,152,213,290,187,182,655,197,316,1154,684,6,119,189,761
E08000029,34,578,1105,168,295,440,244,309,1066,422,916,2216,1266,6,213,555,937
E07000153,39,355,498,123,103,210,307,102,268,100,182,633,469,2,72,220,394
W06000015,41,980,1385,321,411,833,305,852,1534,709,1218,4511,1584,18,357,881,1691
E07000071,84,559,1159,226,224,441,188,271,818,296,470,1432,1131,12,154,529,995
W06000005,47,475,605,117,122,278,241,192,351,129,224,831,471,7,72,104,399
E06000016,28,1583,1019,416,773,1336,981,759,1091,394,1061,1863,1614,12,370,1394,1250
E06000039,13,442,729,241,310,488,611,286,1423,199,347,1263,969,12,164,634,611
N09000005,87,346,636,96,118,227,100,187,161,58,331,291,197,3,69,87,353
E08000032,54,1509,1583,467,795,1460,536,1220,1310,505,1029,2378,1874,13,446,1135,1630
E07000154,42,691,1112,268,349,497,1127,376,1306,314,468,1685,1174,12,204,714,966
E07000113,105,381,677,120,104,220,198,171,312,88,250,663,430,7,105,210,448
E07000143,189,447,558,116,114,225,166,177,248,73,220,594,377,10,83,119,333
E07000038,33,317,434,87,130,144,116,146,190,68,147,424,182,2,59,82,208
E07000080,82,310,357,71,78,141,80,91,255,46,160,438,503,5,71,56,320
E06000054,498,1580,2289,471,496,1194,554,743,2369,497,1115,4238,2392,57,2149,650,2179
E07000036,16,435,590,117,120,201,137,109,230,89,295,472,264,3,74,150,244
E06000021,15,838,801,265,279,507,389,280,372,228,303,855,627,4,149,393,550
E07000191,38,78,89,24,12,55,22,62,68,15,72,124,59,,19,25,118
W06000016,22,477,995,150,129,330,187,258,407,217,233,1175,800,3,155,171,448
E06000055,81,534,1000,303,280,428,339,278,866,222,506,1449,777,6,192,517,850
W06000002,104,273,532,68,64,180,85,314,272,37,171,418,223,5,67,82,304
E08000022,26,505,776,148,173,321,99,303,585,120,368,1019,506,4,142,237,660
E07000078,32,470,638,121,185,366,111,365,1033,282,518,1657,718,4,142,259,879
E07000122,16,314,299,77,122,223,104,96,190,80,133,396,240,,53,120,204
E07000141,165,435,657,122,191,315,232,195,424,293,331,1086,468,13,114,202,414
E07000110,119,483,1235,178,237,372,314,276,749,259,439,1506,1017,11,141,359,759
E08000034,72,1769,1896,463,645,1179,499,616,1205,413,975,2541,1372,11,343,902,1198
E06000042,61,1055,1221,261,492,784,650,404,2723,448,807,3055,1856,17,343,935,1398
E09000004,22,564,2027,178,290,504,377,384,1498,295,508,1956,1845,26,248,1018,1171
S12000005,10,82,134,19,19,102,23,66,79,18,39,151,94,1,17,23,91
E07000226,14,291,422,91,149,208,248,119,458,145,211,750,512,6,94,212,495
E06000033,39,705,1988,267,305,700,299,778,1054,431,892,2041,1556,18,213,575,1639
E07000086,33,530,1083,182,209,399,285,254,859,224,376,1453,774,7,131,312,652
E07000202,38,288,587,125,117,275,344,231,516,132,372,656,549,4,100,293,508
E07000234,52,338,816,125,147,228,594,134,465,171,275,918,800,4,115,237,473
E08000015,47,664,1156,201,273,588,322,463,825,257,680,3852,1635,32,270,508,1111
E08000007,39,1053,1433,339,623,822,366,611,1446,580,947,3001,3580,14,234,692,1737
E06000036,22,254,435,78,118,193,107,118,929,183,162,1071,556,7,85,192,889
E07000205,142,297,496,101,120,288,404,184,445,93,296,804,414,4,95,126,439
E07000127,110,390,565,127,159,261,213,210,304,127,296,650,542,5,103,137,351
E07000031,104,368,713,110,117,391,74,423,307,91,248,789,405,4,129,123,611
E07000219,28,472,463,142,124,225,359,103,286,97,149,585,383,4,68,173,312
E07000221,150,612,693,188,237,411,145,274,768,246,595,1703,874,7,161,185,674
E07000165,154,569,812,174,297,524,153,374,774,311,706,1945,788,5,211,283,878
N09000011,44,260,353,60,107,206,40,198,235,102,334,430,190,4,53,91,344
E08000033,44,871,1119,215,316,546,219,376,699,269,515,1473,732,11,223,389,758
S12000024,264,380,560,101,123,261,80,243,310,114,312,727,474,5,70,111,384
E08000001,30,957,1636,335,501,971,758,485,782,382,744,1803,1243,17,267,930,892
E07000123,61,464,933,215,292,517,258,275,473,249,405,1171,736,11,122,420,741
E07000214,27,316,599,102,116,262,104,166,880,178,349,1415,654,11,89,197,563
S12000017,405,753,1175,117,105,321,192,533,338,80,353,1255,1060,7,101,138,711
E06000057,247,764,1012,197,210,521,228,521,591,175,517,1471,713,15,236,241,922
E07000216,78,450,890,140,274,421,124,282,1352,298,738,2466,1045,8,190,234,1034
E07000193,57,424,549,130,193,285,317,192,325,101,214,1072,407,3,130,186,352
E07000102,26,358,953,106,223,322,141,206,1053,196,617,1660,829,9,127,305,628
E06000008,28,558,452,170,291,529,159,220,341,183,340,774,543,6,129,392,470
E08000017,100,798,1480,343,321,587,738,498,501,384,512,1422,933,1069,219,514,751
E06000015,42,898,1409,312,320,577,559,398,1108,457,581,1833,940,14,268,631,883
E08000019,69,1932,2371,512,681,1194,498,1011,1996,462,1273,3347,2155,23,511,1365,2368
E07000177,117,540,771,219,217,343,239,267,746,140,443,1592,753,10,121,264,619
E07000004,93,670,988,207,291,445,292,246,1520,203,449,2289,1167,10,176,498,936
E07000187,155,481,695,133,109,317,114,211,521,81,324,888,420,10,134,131,536
E07000138,39,192,424,84,101,215,117,143,242,69,232,455,287,6,84,482,365
E07000006,33,344,705,125,198,265,176,203,909,194,599,1442,811,2,101,295,843
E07000179,70,439,663,105,216,336,192,245,1035,212,512,1898,781,3,144,226,726
E07000034,15,474,517,139,138,268,118,219,270,94,211,642,277,2,69,163,267
E07000063,37,276,462,73,112,226,83,175,529,94,234,790,399,5,115,126,552
E07000198,52,323,376,82,98,158,114,115,157,50,135,473,207,2,56,58,215
E07000237,23,283,339,75,134,224,111,149,366,112,226,690,376,10,90,167,373
E08000028,12,1157,1010,322,455,830,862,446,557,177,425,1023,841,11,201,675,678
E07000167,120,198,208,45,63,120,38,105,122,46,110,281,99,,33,51,149
E07000211,24,414,1144,151,250,426,155,248,1140,347,587,2530,984,10,151,375,951
E07000201,84,182,213,53,51,104,60,112,191,44,99,354,187,,35,59,205
E07000072,78,522,1595,174,324,446,266,265,870,285,891,1635,1333,13,162,300,1064
E07000149,152,327,499,102,131,224,107,179,401,104,230,848,370,6,100,208,385
E07000112,31,218,613,96,139,195,211,215,374,155,269,1214,470,6,82,127,536
E08000002,27,680,1043,241,405,743,471,325,759,317,828,1548,973,12,191,430,976
E07000074,77,267,591,83,104,183,149,120,236,119,272,702,317,4,63,56,384
W06000012,19,261,441,82,73,174,89,194,195,45,134,324,243,2,47,96,266
E07000128,65,268,587,120,111,299,153,169,257,81,207,523,375,4,67,126,330
E06000019,291,726,814,181,250,392,140,295,579,119,553,1201,662,11,191,185,722
S12000038,34,501,706,118,169,271,163,273,347,145,304,969,571,4,80,141,430
E09000005,19,830,2558,411,1067,1701,728,1153,2802,539,1943,3151,2404,16,493,1143,2696
E07000194,73,433,678,141,186,275,395,205,405,196,368,1064,519,3,120,149,503
E07000082,66,501,623,126,159,282,139,244,610,95,288,1036,539,4,128,150,419
E07000027,14,135,357,40,22,114,35,103,100,22,45,409,330,3,26,59,206
W06000011,52,632,917,220,196,531,167,554,593,241,506,1029,703,5,143,334,769
E06000044,24,590,1351,198,146,380,227,623,992,200,422,1488,1084,39,130,474,1017
E07000103,12,299,792,76,290,381,384,302,1604,179,594,2157,826,12,134,424,688
E08000031,17,963,1128,305,394,691,774,347,615,229,517,1205,866,24,188,711,713
E07000010,119,266,492,119,122,159,165,103,210,57,116,344,231,6,49,78,239
E07000032,40,455,626,112,119,250,169,163,275,83,220,688,327,3,84,144,301
E07000178,31,240,430,63,153,299,118,323,932,167,391,1524,645,8,370,437,740
E06000038,17,445,751,168,230,427,312,330,1831,278,537,1722,1019,9,183,421,771
S12000006,273,269,341,75,84,150,99,172,127,44,114,364,192,,37,98,212
E07000236,21,452,384,97,111,176,127,97,344,92,155,556,551,3,75,100,289
E07000039,49,275,371,86,96,160,180,104,257,54,135,521,265,4,69,85,314
E07000131,66,400,464,113,210,284,177,236,427,144,238,994,491,5,130,189,636
E07000170,7,332,374,143,100,180,117,109,164,46,105,408,186,3,43,105,176
E07000189,205,557,709,161,163,319,140,263,486,103,307,953,543,17,119,207,585
E07000210,63,278,561,78,171,228,93,143,730,280,454,1713,677,6,101,169,899
E07000084,64,562,795,154,201,323,239,163,1387,236,311,1755,805,6,134,254,609
E07000134,33,437,607,109,141,186,278,139,302,173,199,888,451,2,117,97,356
E07000079,162,396,510,106,171,332,81,224,536,154,320,1221,601,9,112,99,522
E06000010,43,817,1000,222,291,477,334,429,354,144,458,1108,564,11,187,304,620
E07000094,182,456,913,166,150,1496,133,221,1399,258,547,1944,781,3,138,246,700
E07000126,40,302,504,149,112,228,119,133,292,108,158,602,415,6,76,176,311
E07000176,60,357,567,80,142,278,102,155,809,157,352,1168,498,8,158,226,588
E06000013,138,418,756,179,118,302,556,256,225,92,217,733,429,12,101,256,368
W06000004,51,256,390,90,77,177,106,205,200,57,142,414,243,2,63,125,251
W06000013,21,661,456,114,104,206,332,181,262,101,216,572,268,3,79,140,275
E07000045,107,387,747,145,160,337,111,231,367,137,336,752,422,6,118,229,581
E07000124,55,226,363,77,128,217,81,141,173,102,164,594,278,1,61,137,287
E06000002,5,266,547,84,145,209,107,203,234,74,184,1056,352,7,97,133,353
E07000035,110,398,438,113,97,237,114,241,291,76,231,691,252,2,68,94,286
E09000031,20,612,2393,188,559,984,496,746,1593,294,870,1918,1784,16,384,670,1800
E06000012,56,390,911,196,192,397,406,269,201,70,320,632,399,11,112,202,609
E07000033,15,219,220,51,68,144,92,55,98,43,68,443,194,,41,50,164
E07000041,77,399,775,133,150,242,180,281,481,232,417,961,599,2,138,289,581
E07000175,127,341,452,97,113,229,188,136,274,104,280,697,301,6,63,133,339
W06000009,176,290,491,83,86,283,67,308,203,61,170,491,259,3,62,149,337
E09000002,10,386,1474,175,361,580,580,349,929,110,324,944,972,13,258,1230,920
E06000005,26,254,442,93,66,251,136,188,241,100,193,645,292,1,99,152,369
W06000001,47,130,161,30,48,71,42,110,86,12,81,192,88,2,30,36,118
E07000117,10,290,296,70,117,205,82,106,179,53,143,341,241,4,66,112,196
E08000013,21,365,642,107,117,264,310,176,280,124,227,709,442,9,96,178,338
W06000008,104,150,234,57,41,137,43,177,141,36,100,208,109,2,31,54,220
E07000220,43,345,374,123,128,250,1116,148,427,88,287,886,397,7,96,161,410
E08000010,32,721,1421,282,274,544,560,323,642,159,379,1558,773,17,212,318,838
E07000042,135,310,415,74,102,186,88,122,189,55,196,447,196,2,58,96,255
E07000075,27,219,595,86,83,177,86,113,520,93,202,638,394,6,59,98,487
E06000029,20,583,1115,169,218,454,113,277,5782,253,554,1185,842,11,132,318,1298
E07000139,122,287,550,89,94,195,433,110,388,65,183,667,313,12,98,116,221
E07000062,22,184,522,56,81,228,51,194,298,61,296,404,316,3,73,154,567
S12000044,33,627,1198,209,168,421,386,374,464,171,362,970,769,2,67,176,727
E09000017,36,826,2204,337,746,1188,864,736,2359,432,1353,3156,1908,21,313,1029,1888
E08000023,11,443,530,61,65,219,105,248,202,66,158,523,359,3,80,98,456
E07000203,112,372,657,144,104,184,154,123,343,112,186,868,447,4,84,118,338
E09000021,17,393,830,113,289,524,188,470,1584,291,726,2152,1227,6,228,495,1411
E08000014,47,585,1223,242,277,594,419,462,623,278,757,1302,1041,10,212,484,1193
E07000093,88,458,666,127,160,283,233,161,693,448,342,1351,529,11,89,324,560
E07000174,20,301,498,127,116,244,146,141,182,73,196,360,302,11,67,148,207
S12000029,71,881,1420,260,287,632,365,527,698,202,492,1814,912,11,110,252,807
E07000145,27,360,371,69,64,173,76,174,118,67,140,416,235,6,34,151,220
E07000091,111,612,1017,172,186,395,208,286,781,180,573,1541,729,11,128,218,1014
E07000081,25,337,522,89,159,246,141,152,434,114,209,675,387,6,101,195,421
E07000085,86,452,610,129,174,307,93,172,828,197,408,1421,655,6,122,199,682
N09000001,27,260,253,82,91,140,112,111,144,35,171,248,158,,36,62,165
E07000137,257,293,462,125,115,296,100,248,140,60,189,408,238,7,63,102,337
S12000045,10,166,320,30,47,141,48,115,277,61,195,587,202,1,27,93,188
E07000204,126,415,586,123,177,248,128,171,387,117,314,901,504,5,94,249,425
E07000052,173,432,910,112,109,390,76,275,424,82,332,1179,536,104,91,155,662
E07000121,56,314,540,123,105,287,145,277,413,74,253,752,346,9,107,180,462
E07000229,21,319,809,119,148,306,92,238,637,164,422,1012,714,8,108,300,709
S12000028,59,223,429,60,66,192,93,208,167,70,230,498,291,3,30,94,287
E07000108,35,166,435,63,73,282,136,124,227,57,163,529,289,2,75,114,474
W06000021,83,276,417,77,100,198,99,187,367,85,212,754,295,5,63,98,349
E07000064,54,241,482,71,89,219,82,187,387,90,264,741,441,7,59,144,545
E07000070,113,517,1160,194,245,424,228,298,1031,281,601,1726,1153,19,203,419,891
E07000066,37,587,1967,196,278,412,416,215,920,319,415,1700,1345,18,147,560,893
S12000010,79,191,318,34,47,119,55,126,323,68,124,448,211,,55,54,266
E07000238,137,522,761,162,264,343,186,237,539,194,451,1172,957,7,111,211,722
E07000120,15,267,261,70,96,164,144,80,97,72,110,264,255,2,48,94,207
E07000208,20,144,535,63,101,207,69,124,592,126,347,997,491,6,107,225,593
E07000109,17,235,902,92,95,235,335,207,348,95,201,494,547,4,65,286,593
E07000106,69,306,812,126,164,331,158,283,612,170,385,1010,895,9,145,239,674
W06000010,202,509,705,128,130,309,156,249,385,112,251,678,348,4,90,166,435
E06000032,21,444,1063,283,288,461,665,600,1009,197,534,1336,1010,7,237,810,1096
S12000014,27,336,462,89,68,215,135,220,340,80,143,843,350,4,33,103,354
N09000003,76,843,1104,181,456,715,198,689,1170,460,1348,1742,927,17,215,849,1656
E07000095,36,315,874,134,367,292,230,205,489,136,425,817,606,6,105,238,1555
E07000116,83,377,776,100,239,369,115,228,932,296,554,1748,997,5,125,260,950
N09000009,214,603,805,125,182,261,133,130,119,54,279,294,183,1,39,68,204
E07000151,60,343,321,86,140,180,229,88,318,83,179,1472,350,6,71,73,284
S12000042,33,353,582,104,112,242,128,389,296,88,453,641,398,6,62,123,392
E07000241,21,323,649,99,175,282,210,170,777,165,426,1272,706,7,126,356,578
W06000014,37,296,464,100,73,255,91,192,437,156,305,705,366,1,93,194,427
E07000243,14,233,495,64,92,183,119,82,533,87,162,705,411,6,65,394,552
E07000053,23,81,197,25,19,128,49,143,116,38,108,229,176,3,43,53,283
E07000135,4,207,181,59,90,128,91,58,176,46,128,246,145,1,60,179,147
E07000009,148,300,451,74,117,161,106,102,349,80,199,639,327,2,71,95,294
E07000118,46,358,603,117,156,279,334,177,390,122,209,821,488,13,93,182,352
E07000235,86,336,366,84,120,186,55,255,403,95,238,700,330,3,77,128,450
W06000006,50,361,529,121,104,186,143,132,257,87,166,564,335,1,62,146,384
E07000224,59,433,592,98,150,349,98,202,482,88,374,809,505,6,97,205,818
E07000132,45,405,399,100,151,223,213,135,318,89,207,571,324,4,95,119,372
E07000188,75,365,517,114,114,218,130,179,289,71,258,657,440,4,84,90,432
E07000061,17,208,593,97,125,284,86,254,361,175,340,667,555,7,114,482,875
E07000239,34,349,481,116,134,231,115,129,230,105,184,555,344,1,59,104,311
E07000051,47,152,299,41,41,131,49,127,176,47,90,264,141,2,38,43,263
E07000083,54,387,578,101,129,214,161,136,502,135,288,894,370,8,112,221,327
S12000040,35,334,457,101,123,205,197,206,573,112,169,795,403,,47,87,313
E07000152,65,279,472,101,117,201,291,99,297,82,171,599,549,3,98,112,294
S12000021,27,249,377,41,54,162,67,172,140,52,113,409,237,3,38,36,183
E07000105,104,518,961,136,463,342,158,246,560,178,371,1325,789,6,126,293,557
W06000018,16,426,462,101,90,178,127,151,231,121,128,448,274,2,48,85,239
E07000089,28,287,451,94,104,190,84,136,983,129,231,1130,558,1,64,106,526
E06000006,18,409,426,74,117,176,352,115,261,87,145,607,362,1,54,99,223
E07000196,66,355,632,97,122,197,151,116,241,103,209,632,325,7,69,147,330
E07000048,8,167,322,51,72,166,50,110,232,69,172,384,250,2,41,43,322
S12000030,85,223,363,54,77,204,53,245,321,96,191,654,351,5,64,79,277
E07000180,90,336,532,110,149,260,119,144,712,84,305,1441,479,2,158,231,537
E07000133,65,160,228,53,72,86,76,107,125,54,113,345,205,1,44,55,134
E06000017,29,119,140,26,55,94,24,70,162,36,93,353,134,,51,41,132
S12000026,225,288,415,80,73,183,69,169,236,75,138,505,218,4,52,75,230
E07000088,9,164,322,49,31,102,99,111,167,33,95,303,215,5,41,48,222
W06000020,21,282,296,70,54,104,55,66,151,43,70,233,149,1,40,48,122
E07000144,100,439,763,108,144,235,351,182,366,164,242,877,491,3,76,168,316
E07000199,15,283,368,72,84,156,222,92,210,67,122,376,274,4,47,76,228
S12000019,34,188,290,47,36,79,86,119,226,46,117,386,196,3,22,36,184
E07000142,160,256,442,98,90,145,222,108,165,51,168,496,234,11,67,109,269
E07000164,179,318,374,86,103,183,73,141,195,78,201,675,253,2,65,101,315
E07000140,195,213,381,79,171,159,857,88,149,60,129,363,344,2,41,86,239
S12000008,54,238,413,82,73,181,92,158,144,85,133,413,211,2,24,66,214
E07000163,44,237,290,46,72,164,45,139,187,74,182,442,221,4,35,155,229
E06000001,7,225,471,32,52,138,60,126,101,38,117,466,189,3,45,62,231
E07000169,73,235,365,79,113,135,129,99,216,70,146,533,239,1,61,65,190
S12000018,12,137,229,30,33,107,54,88,125,20,97,308,170,1,30,36,127
E06000003,16,269,367,68,38,134,94,103,139,42,89,566,231,2,72,82,255
E07000026,110,216,527,78,55,189,88,260,90,40,162,631,493,3,68,88,336
E07000173,19,301,519,99,119,208,86,149,292,71,183,571,262,5,74,175,278
E07000155,69,314,471,110,161,200,105,127,511,146,234,1045,476,6,114,112,363
N09000007,50,368,414,78,168,202,75,131,245,75,294,456,243,4,38,126,291
E07000046,73,201,273,53,49,104,41,125,117,19,105,249,167,2,62,51,184
N09000008,37,338,287,57,86,157,59,121,137,60,220,275,235,2,25,45,339
E07000166,64,116,248,57,49,101,79,97,104,34,136,350,149,3,28,43,162
E07000197,76,374,536,109,173,280,143,174,429,110,256,861,402,4,118,249,398
N09000004,69,276,557,72,101,165,57,128,95,59,283,222,145,4,39,66,359
E07000030,121,134,282,53,56,129,79,130,105,32,89,312,156,1,43,77,204
E08000011,14,304,545,66,77,148,254,81,191,87,128,381,328,9,83,191,219
S12000011,10,172,311,53,72,196,46,179,292,70,256,573,274,5,36,160,279
N09000002,157,505,674,135,196,343,239,178,193,91,361,384,218,,53,80,437
W06000019,5,115,181,40,17,64,41,58,49,22,37,106,58,,17,32,88
S12000013,61,108,67,13,12,53,25,62,45,5,30,134,78,,13,12,89
E06000053,2,4,5,1,2,5,5,8,2,,5,5,5,,1,1,9
S12000035,150,253,232,34,36,142,73,195,133,26,125,340,171,3,38,54,224
W06000024,5,101,249,39,32,77,37,77,48,23,41,119,92,4,17,30,102
S12000023,90,92,55,10,9,33,22,31,22,1,22,71,39,,3,5,55
S12000027,173,76,92,19,17,34,17,39,24,4,33,84,58,1,7,8,154
M99999999,1,1,,,,,,,1,,,257,,,,,
,,10,9,,2,6,1,1,,10,8,10,6,,1,1,10
L99999999,,,1,,,,1,,,1,,15,1,,,,9
